Czas;VA;VB;TB
0x;5x;1x;20x
1x;4.9898x;1.01018x;20.7034x
2x;4.97961x;1.02029x;21.3852x
3x;4.96943x;1.03034x;22.0464x
4x;4.95926x;1.04034x;22.6879x
5x;4.9491x;1.05027x;23.3103x
6x;4.93895x;1.06015x;23.9146x
7x;4.92881x;1.06997x;24.5013x
8x;4.91868x;1.07973x;25.0713x
9x;4.90857x;1.08943x;25.6251x
10x;4.89846x;1.09908x;26.1633x
11x;4.88836x;1.10867x;26.6866x
12x;4.87828x;1.1182x;27.1955x
13x;4.8682x;1.12768x;27.6905x
14x;4.85814x;1.13711x;28.1721x
15x;4.84808x;1.14648x;28.6409x
16x;4.83804x;1.15579x;29.0973x
17x;4.828x;1.16505x;29.5417x
18x;4.81798x;1.17426x;29.9745x
19x;4.80796x;1.18342x;30.3962x
20x;4.79796x;1.19252x;30.8071x
21x;4.78797x;1.20157x;31.2076x
22x;4.77799x;1.21057x;31.598x
23x;4.76801x;1.21952x;31.9787x
24x;4.75805x;1.22842x;32.35x
25x;4.7481x;1.23727x;32.7122x
26x;4.73816x;1.24607x;33.0656x
27x;4.72823x;1.25481x;33.4105x
28x;4.71831x;1.26351x;33.7471x
29x;4.7084x;1.27216x;34.0758x
30x;4.6985x;1.28076x;34.3967x
31x;4.68862x;1.28931x;34.7101x
32x;4.67874x;1.29782x;35.0162x
33x;4.66887x;1.30628x;35.3153x
34x;4.65901x;1.31469x;35.6076x
35x;4.64917x;1.32305x;35.8932x
36x;4.63933x;1.33136x;36.1723x
37x;4.6295x;1.33963x;36.4452x
38x;4.61969x;1.34786x;36.7121x
39x;4.60988x;1.35603x;36.973x
40x;4.60009x;1.36417x;37.2282x
41x;4.5903x;1.37225x;37.4779x
42x;4.58053x;1.3803x;37.7221x
43x;4.57077x;1.38829x;37.9611x
44x;4.56101x;1.39625x;38.195x
45x;4.55127x;1.40416x;38.4239x
46x;4.54154x;1.41202x;38.6479x
47x;4.53182x;1.41985x;38.8673x
48x;4.52211x;1.42763x;39.082x
49x;4.51241x;1.43536x;39.2924x
50x;4.50271x;1.44306x;39.4983x
51x;4.49303x;1.45071x;39.7001x
52x;4.48336x;1.45832x;39.8977x
53x;4.47371x;1.46588x;40.0913x
54x;4.46406x;1.47341x;40.281x
55x;4.45442x;1.48089x;40.4668x
56x;4.44479x;1.48834x;40.649x
57x;4.43517x;1.49574x;40.8276x
58x;4.42557x;1.5031x;41.0026x
59x;4.41597x;1.51042x;41.1741x
60x;4.40638x;1.51771x;41.3423x
61x;4.39681x;1.52495x;41.5073x
62x;4.38724x;1.53215x;41.669x
63x;4.37769x;1.53931x;41.8276x
64x;4.36814x;1.54644x;41.9831x
65x;4.35861x;1.55352x;42.1357x
66x;4.34908x;1.56057x;42.2853x
67x;4.33957x;1.56757x;42.4322x
68x;4.33007x;1.57454x;42.5762x
69x;4.32057x;1.58147x;42.7176x
70x;4.31109x;1.58837x;42.8562x
71x;4.30162x;1.59522x;42.9923x
72x;4.29216x;1.60204x;43.1259x
73x;4.28271x;1.60882x;43.257x
74x;4.27327x;1.61556x;43.3857x
75x;4.26384x;1.62227x;43.512x
76x;4.25442x;1.62894x;43.636x
77x;4.24501x;1.63557x;43.7577x
78x;4.23561x;1.64217x;43.8773x
79x;4.22622x;1.64873x;43.9946x
80x;4.21684x;1.65525x;44.1099x
81x;4.20748x;1.66174x;44.223x
82x;4.19812x;1.6682x;44.3342x
83x;4.18877x;1.67462x;44.4433x
84x;4.17944x;1.681x;44.5505x
85x;4.17011x;1.68735x;44.6558x
86x;4.16079x;1.69366x;44.7592x
87x;4.15149x;1.69994x;44.8608x
88x;4.14219x;1.70618x;44.9606x
89x;4.13291x;1.71239x;45.0587x
90x;4.12364x;1.71857x;45.155x
91x;4.11437x;1.72471x;45.2497x
92x;4.10512x;1.73082x;45.3427x
93x;4.09588x;1.7369x;45.4341x
94x;4.08664x;1.74294x;45.5239x
95x;4.07742x;1.74895x;45.6121x
96x;4.06821x;1.75492x;45.6988x
97x;4.05901x;1.76086x;45.784x
98x;4.04982x;1.76677x;45.8678x
99x;4.04064x;1.77265x;45.9501x
100x;4.03147x;1.7785x;46.031x
101x;4.02231x;1.78431x;46.1105x
102x;4.01316x;1.79009x;46.1887x
103x;4.00402x;1.79584x;46.2655x
104x;3.9949x;1.80155x;46.341x
105x;3.98578x;1.80724x;46.4152x
106x;3.97667x;1.81289x;46.4882x
107x;3.96757x;1.81851x;46.5599x
108x;3.95849x;1.8241x;46.6305x
109x;3.94941x;1.82966x;46.6998x
110x;3.94035x;1.83519x;46.7679x
111x;3.93129x;1.84069x;46.8349x
112x;3.92225x;1.84616x;46.9008x
113x;3.91321x;1.85159x;46.9656x
114x;3.90419x;1.857x;47.0293x
115x;3.89518x;1.86238x;47.0919x
116x;3.88617x;1.86772x;47.1534x
117x;3.87718x;1.87304x;47.2139x
118x;3.8682x;1.87833x;47.2734x
119x;3.85923x;1.88358x;47.3319x
120x;3.85026x;1.88881x;47.3895x
121x;3.84131x;1.89401x;47.446x
122x;3.83237x;1.89918x;47.5016x
123x;3.82344x;1.90432x;47.5563x
124x;3.81452x;1.90943x;47.6101x
125x;3.80561x;1.91451x;47.6629x
126x;3.79672x;1.91956x;47.7149x
127x;3.78783x;1.92459x;47.766x
128x;3.77895x;1.92958x;47.8162x
129x;3.77008x;1.93455x;47.8656x
130x;3.76122x;1.93949x;47.9142x
131x;3.75238x;1.9444x;47.9619x
132x;3.74354x;1.94929x;48.0089x
133x;3.73471x;1.95414x;48.0551x
134x;3.7259x;1.95897x;48.1004x
135x;3.71709x;1.96377x;48.145x
136x;3.7083x;1.96854x;48.1889x
137x;3.69952x;1.97329x;48.232x
138x;3.69074x;1.97801x;48.2744x
139x;3.68198x;1.9827x;48.3161x
140x;3.67322x;1.98736x;48.3571x
141x;3.66448x;1.992x;48.3973x
142x;3.65575x;1.99661x;48.4369x
143x;3.64703x;2.00119x;48.4758x
144x;3.63832x;2.00575x;48.514x
145x;3.62962x;2.01028x;48.5516x
146x;3.62093x;2.01478x;48.5886x
147x;3.61225x;2.01926x;48.6249x
148x;3.60358x;2.02371x;48.6606x
149x;3.59492x;2.02814x;48.6956x
150x;3.58627x;2.03254x;48.7301x
151x;3.57763x;2.03691x;48.7639x
152x;3.569x;2.04126x;48.7972x
153x;3.56038x;2.04558x;48.8299x
154x;3.55178x;2.04988x;48.862x
155x;3.54318x;2.05415x;48.8936x
156x;3.53459x;2.0584x;48.9245x
157x;3.52602x;2.06262x;48.955x
158x;3.51745x;2.06682x;48.9849x
159x;3.5089x;2.07099x;49.0143x
160x;3.50035x;2.07514x;49.0431x
161x;3.49182x;2.07926x;49.0714x
162x;3.48329x;2.08336x;49.0993x
163x;3.47478x;2.08743x;49.1266x
164x;3.46628x;2.09148x;49.1534x
165x;3.45778x;2.0955x;49.1797x
166x;3.4493x;2.0995x;49.2056x
167x;3.44083x;2.10347x;49.2309x
168x;3.43237x;2.10743x;49.2558x
169x;3.42392x;2.11135x;49.2803x
170x;3.41548x;2.11526x;49.3042x
171x;3.40705x;2.11914x;49.3278x
172x;3.39863x;2.12299x;49.3508x
173x;3.39022x;2.12682x;49.3735x
174x;3.38182x;2.13063x;49.3957x
175x;3.37343x;2.13442x;49.4175x
176x;3.36505x;2.13818x;49.4388x
177x;3.35669x;2.14192x;49.4598x
178x;3.34833x;2.14563x;49.4803x
179x;3.33998x;2.14933x;49.5004x
180x;3.33165x;2.153x;49.5202x
181x;3.32332x;2.15664x;49.5395x
182x;3.315x;2.16027x;49.5584x
183x;3.3067x;2.16387x;49.577x
184x;3.2984x;2.16745x;49.5952x
185x;3.29012x;2.171x;49.613x
186x;3.28185x;2.17454x;49.6304x
187x;3.27358x;2.17805x;49.6475x
188x;3.26533x;2.18154x;49.6642x
189x;3.25709x;2.185x;49.6805x
190x;3.24886x;2.18845x;49.6965x
191x;3.24063x;2.19187x;49.7121x
192x;3.23242x;2.19527x;49.7274x
193x;3.22422x;2.19865x;49.7424x
194x;3.21603x;2.20201x;49.757x
195x;3.20785x;2.20534x;49.7713x
196x;3.19968x;2.20866x;49.7853x
197x;3.19152x;2.21195x;49.7989x
198x;3.18337x;2.21522x;49.8122x
199x;3.17523x;2.21847x;49.8252x
200x;3.16711x;2.2217x;49.8379x
201x;3.15899x;2.2249x;49.8503x
202x;3.15088x;2.22809x;49.8624x
203x;3.14278x;2.23125x;49.8741x
204x;3.1347x;2.2344x;49.8856x
205x;3.12662x;2.23752x;49.8968x
206x;3.11856x;2.24062x;49.9077x
207x;3.1105x;2.2437x;49.9183x
208x;3.10246x;2.24676x;49.9286x
209x;3.09442x;2.2498x;49.9387x
210x;3.0864x;2.25282x;49.9484x
211x;3.07839x;2.25582x;49.9579x
212x;3.07038x;2.2588x;49.9671x
213x;3.06239x;2.26176x;49.9761x
214x;3.05441x;2.2647x;49.9847x
215x;3.04644x;2.26762x;49.9932x
216x;3.03847x;2.27051x;50.0013x
217x;3.03052x;2.27339x;50.0092x
218x;3.02258x;2.27625x;50.0169x
219x;3.01465x;2.27909x;50.0242x
220x;3.00673x;2.28191x;50.0314x
221x;2.99882x;2.2847x;50.0383x
222x;2.99092x;2.28748x;50.0449x
223x;2.98304x;2.29024x;50.0513x
224x;2.97516x;2.29298x;50.0575x
225x;2.96729x;2.2957x;50.0635x
226x;2.95943x;2.2984x;50.0692x
227x;2.95159x;2.30109x;50.0746x
228x;2.94375x;2.30375x;50.0799x
229x;2.93592x;2.30639x;50.0849x
230x;2.92811x;2.30902x;50.0897x
231x;2.9203x;2.31162x;50.0943x
232x;2.91251x;2.31421x;50.0986x
233x;2.90472x;2.31678x;50.1028x
234x;2.89695x;2.31933x;50.1067x
235x;2.88919x;2.32186x;50.1104x
236x;2.88143x;2.32437x;50.1139x
237x;2.87369x;2.32686x;50.1172x
238x;2.86596x;2.32933x;50.1203x
239x;2.85824x;2.33179x;50.1232x
240x;2.85053x;2.33423x;50.1258x
241x;2.84283x;2.33665x;50.1283x
242x;2.83513x;2.33905x;50.1306x
243x;2.82745x;2.34143x;50.1327x
244x;2.81979x;2.34379x;50.1346x
245x;2.81213x;2.34614x;50.1363x
246x;2.80448x;2.34847x;50.1378x
247x;2.79684x;2.35078x;50.1391x
248x;2.78921x;2.35307x;50.1402x
249x;2.78159x;2.35534x;50.1412x
250x;2.77399x;2.3576x;50.1419x
251x;2.76639x;2.35984x;50.1425x
252x;2.7588x;2.36206x;50.1429x
253x;2.75123x;2.36426x;50.1431x
254x;2.74366x;2.36645x;50.1432x
255x;2.73611x;2.36862x;50.143x
256x;2.72856x;2.37077x;50.1427x
257x;2.72103x;2.3729x;50.1423x
258x;2.7135x;2.37502x;50.1416x
259x;2.70599x;2.37712x;50.1408x
260x;2.69849x;2.3792x;50.1398x
261x;2.69099x;2.38126x;50.1387x
262x;2.68351x;2.38331x;50.1374x
263x;2.67604x;2.38534x;50.1359x
264x;2.66858x;2.38735x;50.1343x
265x;2.66113x;2.38935x;50.1325x
266x;2.65369x;2.39133x;50.1305x
267x;2.64626x;2.39329x;50.1284x
268x;2.63884x;2.39524x;50.1261x
269x;2.63143x;2.39717x;50.1237x
270x;2.62403x;2.39908x;50.1211x
271x;2.61664x;2.40098x;50.1184x
272x;2.60926x;2.40286x;50.1155x
273x;2.60189x;2.40472x;50.1125x
274x;2.59454x;2.40657x;50.1093x
275x;2.58719x;2.4084x;50.106x
276x;2.57985x;2.41021x;50.1025x
277x;2.57253x;2.41201x;50.0989x
278x;2.56521x;2.41379x;50.0952x
279x;2.55791x;2.41556x;50.0913x
280x;2.55061x;2.41731x;50.0872x
281x;2.54333x;2.41904x;50.0831x
282x;2.53605x;2.42076x;50.0787x
283x;2.52879x;2.42246x;50.0743x
284x;2.52154x;2.42415x;50.0697x
285x;2.5143x;2.42582x;50.065x
286x;2.50706x;2.42747x;50.0601x
287x;2.49984x;2.42911x;50.0551x
288x;2.49263x;2.43074x;50.05x
289x;2.48543x;2.43234x;50.0447x
290x;2.47824x;2.43394x;50.0394x
291x;2.47106x;2.43551x;50.0339x
292x;2.46389x;2.43707x;50.0282x
293x;2.45673x;2.43862x;50.0224x
294x;2.44958x;2.44015x;50.0165x
295x;2.44244x;2.44167x;50.0105x
296x;2.43531x;2.44317x;50.0044x
297x;2.4282x;2.44465x;49.9981x
298x;2.42109x;2.44612x;49.9917x
299x;2.41399x;2.44757x;49.9852x
300x;2.40691x;2.44901x;49.9786x
301x;2.39983x;2.45044x;49.9718x
302x;2.39276x;2.45185x;49.965x
303x;2.38571x;2.45324x;49.958x
304x;2.37866x;2.45462x;49.9509x
305x;2.37163x;2.45599x;49.9436x
306x;2.36461x;2.45734x;49.9363x
307x;2.35759x;2.45867x;49.9289x
308x;2.35059x;2.45999x;49.9213x
309x;2.3436x;2.4613x;49.9136x
310x;2.33662x;2.46259x;49.9058x
311x;2.32964x;2.46387x;49.8979x
312x;2.32268x;2.46513x;49.8899x
313x;2.31573x;2.46638x;49.8818x
314x;2.30879x;2.46761x;49.8736x
315x;2.30186x;2.46883x;49.8652x
316x;2.29494x;2.47004x;49.8568x
317x;2.28803x;2.47123x;49.8482x
318x;2.28113x;2.47241x;49.8396x
319x;2.27424x;2.47357x;49.8308x
320x;2.26737x;2.47472x;49.8219x
321x;2.2605x;2.47585x;49.813x
322x;2.25364x;2.47697x;49.8039x
323x;2.24679x;2.47808x;49.7947x
324x;2.23996x;2.47917x;49.7854x
325x;2.23313x;2.48025x;49.776x
326x;2.22632x;2.48132x;49.7665x
327x;2.21951x;2.48237x;49.757x
328x;2.21272x;2.4834x;49.7473x
329x;2.20593x;2.48443x;49.7375x
330x;2.19916x;2.48544x;49.7276x
331x;2.1924x;2.48643x;49.7176x
332x;2.18564x;2.48742x;49.7075x
333x;2.1789x;2.48839x;49.6974x
334x;2.17217x;2.48934x;49.6871x
335x;2.16545x;2.49029x;49.6767x
336x;2.15873x;2.49122x;49.6663x
337x;2.15203x;2.49213x;49.6557x
338x;2.14534x;2.49303x;49.6451x
339x;2.13866x;2.49392x;49.6343x
340x;2.13199x;2.4948x;49.6235x
341x;2.12533x;2.49566x;49.6126x
342x;2.11868x;2.49651x;49.6015x
343x;2.11205x;2.49735x;49.5904x
344x;2.10542x;2.49817x;49.5792x
345x;2.0988x;2.49898x;49.5679x
346x;2.09219x;2.49978x;49.5566x
347x;2.0856x;2.50057x;49.5451x
348x;2.07901x;2.50134x;49.5335x
349x;2.07243x;2.5021x;49.5219x
350x;2.06587x;2.50284x;49.5102x
351x;2.05931x;2.50358x;49.4983x
352x;2.05277x;2.5043x;49.4864x
353x;2.04623x;2.50501x;49.4744x
354x;2.03971x;2.5057x;49.4624x
355x;2.0332x;2.50639x;49.4502x
356x;2.02669x;2.50706x;49.438x
357x;2.0202x;2.50771x;49.4256x
358x;2.01372x;2.50836x;49.4132x
359x;2.00725x;2.50899x;49.4007x
360x;2.00079x;2.50961x;49.3881x
361x;1.99433x;2.51022x;49.3755x
362x;1.98789x;2.51082x;49.3627x
363x;1.98146x;2.5114x;49.3499x
364x;1.97504x;2.51197x;49.337x
365x;1.96863x;2.51253x;49.324x
366x;1.96224x;2.51308x;49.3109x
367x;1.95585x;2.51361x;49.2977x
368x;1.94947x;2.51414x;49.2845x
369x;1.9431x;2.51465x;49.2712x
370x;1.93674x;2.51515x;49.2578x
371x;1.9304x;2.51563x;49.2443x
372x;1.92406x;2.51611x;49.2308x
373x;1.91774x;2.51657x;49.2172x
374x;1.91142x;2.51702x;49.2035x
375x;1.90511x;2.51746x;49.1897x
376x;1.89882x;2.51789x;49.1758x
377x;1.89254x;2.5183x;49.1619x
378x;1.88626x;2.51871x;49.1479x
379x;1.88x;2.5191x;49.1338x
380x;1.87375x;2.51948x;49.1196x
381x;1.8675x;2.51985x;49.1054x
382x;1.86127x;2.52021x;49.0911x
383x;1.85505x;2.52055x;49.0767x
384x;1.84884x;2.52089x;49.0622x
385x;1.84264x;2.52121x;49.0477x
386x;1.83645x;2.52152x;49.0331x
387x;1.83027x;2.52182x;49.0184x
388x;1.8241x;2.52211x;49.0036x
389x;1.81794x;2.52239x;48.9888x
390x;1.81179x;2.52266x;48.9739x
391x;1.80565x;2.52291x;48.9589x
392x;1.79952x;2.52316x;48.9439x
393x;1.7934x;2.52339x;48.9287x
394x;1.7873x;2.52361x;48.9135x
395x;1.7812x;2.52382x;48.8983x
396x;1.77511x;2.52402x;48.8829x
397x;1.76904x;2.52421x;48.8675x
398x;1.76297x;2.52439x;48.8521x
399x;1.75692x;2.52455x;48.8365x
400x;1.75087x;2.52471x;48.8209x
401x;1.74484x;2.52486x;48.8052x
402x;1.73881x;2.52499x;48.7895x
403x;1.7328x;2.52511x;48.7737x
404x;1.7268x;2.52522x;48.7578x
405x;1.7208x;2.52533x;48.7418x
406x;1.71482x;2.52542x;48.7258x
407x;1.70885x;2.5255x;48.7097x
408x;1.70289x;2.52557x;48.6935x
409x;1.69694x;2.52563x;48.6773x
410x;1.691x;2.52567x;48.661x
411x;1.68507x;2.52571x;48.6446x
412x;1.67915x;2.52574x;48.6282x
413x;1.67324x;2.52576x;48.6117x
414x;1.66734x;2.52576x;48.5951x
415x;1.66145x;2.52576x;48.5785x
416x;1.65557x;2.52574x;48.5618x
417x;1.6497x;2.52572x;48.545x
418x;1.64385x;2.52568x;48.5282x
419x;1.638x;2.52564x;48.5113x
420x;1.63216x;2.52558x;48.4944x
421x;1.62634x;2.52552x;48.4773x
422x;1.62052x;2.52544x;48.4602x
423x;1.61472x;2.52535x;48.4431x
424x;1.60892x;2.52526x;48.4259x
425x;1.60314x;2.52515x;48.4086x
426x;1.59736x;2.52503x;48.3912x
427x;1.5916x;2.52491x;48.3738x
428x;1.58585x;2.52477x;48.3564x
429x;1.58011x;2.52462x;48.3388x
430x;1.57437x;2.52447x;48.3212x
431x;1.56865x;2.5243x;48.3035x
432x;1.56294x;2.52412x;48.2858x
433x;1.55724x;2.52394x;48.268x
434x;1.55155x;2.52374x;48.2502x
435x;1.54587x;2.52354x;48.2323x
436x;1.5402x;2.52332x;48.2143x
437x;1.53454x;2.5231x;48.1962x
438x;1.52889x;2.52286x;48.1781x
439x;1.52325x;2.52262x;48.16x
440x;1.51762x;2.52236x;48.1417x
441x;1.51201x;2.5221x;48.1234x
442x;1.5064x;2.52182x;48.1051x
443x;1.5008x;2.52154x;48.0867x
444x;1.49522x;2.52125x;48.0682x
445x;1.48964x;2.52095x;48.0497x
446x;1.48407x;2.52064x;48.0311x
447x;1.47852x;2.52031x;48.0124x
448x;1.47297x;2.51998x;47.9937x
449x;1.46744x;2.51964x;47.9749x
450x;1.46192x;2.5193x;47.9561x
451x;1.4564x;2.51894x;47.9372x
452x;1.4509x;2.51857x;47.9182x
453x;1.44541x;2.51819x;47.8992x
454x;1.43992x;2.51781x;47.8801x
455x;1.43445x;2.51741x;47.861x
456x;1.42899x;2.51701x;47.8418x
457x;1.42354x;2.51659x;47.8226x
458x;1.4181x;2.51617x;47.8032x
459x;1.41267x;2.51574x;47.7839x
460x;1.40725x;2.5153x;47.7644x
461x;1.40184x;2.51485x;47.7449x
462x;1.39644x;2.51439x;47.7254x
463x;1.39105x;2.51392x;47.7058x
464x;1.38567x;2.51345x;47.6861x
465x;1.38031x;2.51296x;47.6664x
466x;1.37495x;2.51247x;47.6466x
467x;1.3696x;2.51196x;47.6267x
468x;1.36427x;2.51145x;47.6068x
469x;1.35894x;2.51093x;47.5869x
470x;1.35363x;2.5104x;47.5668x
471x;1.34832x;2.50986x;47.5468x
472x;1.34303x;2.50932x;47.5266x
473x;1.33774x;2.50876x;47.5064x
474x;1.33247x;2.5082x;47.4862x
475x;1.3272x;2.50762x;47.4659x
476x;1.32195x;2.50704x;47.4455x
477x;1.31671x;2.50645x;47.4251x
478x;1.31148x;2.50585x;47.4046x
479x;1.30625x;2.50525x;47.3841x
480x;1.30104x;2.50463x;47.3635x
481x;1.29584x;2.50401x;47.3428x
482x;1.29065x;2.50338x;47.3221x
483x;1.28547x;2.50273x;47.3013x
484x;1.2803x;2.50209x;47.2805x
485x;1.27514x;2.50143x;47.2596x
486x;1.26999x;2.50076x;47.2387x
487x;1.26485x;2.50009x;47.2177x
488x;1.25973x;2.49941x;47.1966x
489x;1.25461x;2.49871x;47.1755x
490x;1.2495x;2.49802x;47.1544x
491x;1.2444x;2.49731x;47.1331x
492x;1.23932x;2.49659x;47.1119x
493x;1.23424x;2.49587x;47.0905x
494x;1.22918x;2.49514x;47.0691x
495x;1.22412x;2.4944x;47.0477x
496x;1.21908x;2.49365x;47.0262x
497x;1.21404x;2.49289x;47.0046x
498x;1.20902x;2.49213x;46.983x
499x;1.204x;2.49136x;46.9613x
500x;1.199x;2.49058x;46.9396x
501x;1.19401x;2.48979x;46.9178x
502x;1.18903x;2.489x;46.896x
503x;1.18405x;2.48819x;46.8741x
504x;1.17909x;2.48738x;46.8521x
505x;1.17414x;2.48656x;46.8301x
506x;1.1692x;2.48574x;46.8081x
507x;1.16427x;2.4849x;46.7859x
508x;1.15935x;2.48406x;46.7638x
509x;1.15444x;2.48321x;46.7415x
510x;1.14954x;2.48235x;46.7193x
511x;1.14465x;2.48148x;46.6969x
512x;1.13978x;2.48061x;46.6745x
513x;1.13491x;2.47973x;46.6521x
514x;1.13005x;2.47884x;46.6296x
515x;1.12521x;2.47795x;46.607x
516x;1.12037x;2.47704x;46.5844x
517x;1.11554x;2.47613x;46.5617x
518x;1.11073x;2.47521x;46.539x
519x;1.10592x;2.47429x;46.5162x
520x;1.10113x;2.47335x;46.4934x
521x;1.09634x;2.47241x;46.4705x
522x;1.09157x;2.47146x;46.4475x
523x;1.08681x;2.47051x;46.4245x
524x;1.08205x;2.46954x;46.4014x
525x;1.07731x;2.46857x;46.3783x
526x;1.07258x;2.4676x;46.3552x
527x;1.06786x;2.46661x;46.3319x
528x;1.06314x;2.46562x;46.3087x
529x;1.05844x;2.46462x;46.2853x
530x;1.05375x;2.46361x;46.2619x
531x;1.04907x;2.4626x;46.2385x
532x;1.0444x;2.46158x;46.215x
533x;1.03974x;2.46055x;46.1914x
534x;1.03509x;2.45951x;46.1678x
535x;1.03046x;2.45847x;46.1442x
536x;1.02583x;2.45742x;46.1204x
537x;1.02121x;2.45636x;46.0967x
538x;1.0166x;2.4553x;46.0728x
539x;1.01201x;2.45423x;46.049x
540x;1.00742x;2.45315x;46.025x
541x;1.00284x;2.45207x;46.001x
542x;0.998278x;2.45097x;45.977x
543x;0.993723x;2.44988x;45.9529x
544x;0.989178x;2.44877x;45.9287x
545x;0.984644x;2.44766x;45.9045x
546x;0.98012x;2.44654x;45.8802x
547x;0.975606x;2.44541x;45.8559x
548x;0.971103x;2.44428x;45.8315x
549x;0.96661x;2.44314x;45.8071x
550x;0.962128x;2.44199x;45.7826x
551x;0.957656x;2.44084x;45.7581x
552x;0.953195x;2.43968x;45.7335x
553x;0.948744x;2.43851x;45.7088x
554x;0.944303x;2.43734x;45.6841x
555x;0.939873x;2.43616x;45.6594x
556x;0.935453x;2.43497x;45.6346x
557x;0.931044x;2.43378x;45.6097x
558x;0.926645x;2.43258x;45.5848x
559x;0.922257x;2.43137x;45.5598x
560x;0.917879x;2.43016x;45.5347x
561x;0.913511x;2.42894x;45.5097x
562x;0.909154x;2.42772x;45.4845x
563x;0.904807x;2.42648x;45.4593x
564x;0.90047x;2.42525x;45.4341x
565x;0.896144x;2.424x;45.4087x
566x;0.891829x;2.42275x;45.3834x
567x;0.887524x;2.42149x;45.358x
568x;0.883229x;2.42023x;45.3325x
569x;0.878944x;2.41896x;45.307x
570x;0.87467x;2.41768x;45.2814x
571x;0.870407x;2.4164x;45.2557x
572x;0.866154x;2.41511x;45.23x
573x;0.861911x;2.41381x;45.2043x
574x;0.857679x;2.41251x;45.1785x
575x;0.853457x;2.4112x;45.1526x
576x;0.849246x;2.40989x;45.1267x
577x;0.845045x;2.40856x;45.1007x
578x;0.840854x;2.40724x;45.0747x
579x;0.836674x;2.40591x;45.0486x
580x;0.832504x;2.40457x;45.0225x
581x;0.828345x;2.40322x;44.9963x
582x;0.824196x;2.40187x;44.9701x
583x;0.820057x;2.40051x;44.9437x
584x;0.815929x;2.39915x;44.9174x
585x;0.811812x;2.39778x;44.891x
586x;0.807704x;2.3964x;44.8645x
587x;0.803607x;2.39502x;44.838x
588x;0.799521x;2.39364x;44.8114x
589x;0.795445x;2.39224x;44.7848x
590x;0.791379x;2.39084x;44.7581x
591x;0.787324x;2.38944x;44.7313x
592x;0.783279x;2.38803x;44.7045x
593x;0.779245x;2.38661x;44.6777x
594x;0.775221x;2.38519x;44.6508x
595x;0.771208x;2.38376x;44.6238x
596x;0.767204x;2.38233x;44.5968x
597x;0.763212x;2.38089x;44.5697x
598x;0.75923x;2.37944x;44.5425x
599x;0.755258x;2.37799x;44.5153x
600x;0.751296x;2.37653x;44.4881x
601x;0.747345x;2.37507x;44.4608x
602x;0.743405x;2.3736x;44.4334x
603x;0.739474x;2.37213x;44.406x
604x;0.735555x;2.37065x;44.3785x
605x;0.731645x;2.36916x;44.351x
606x;0.727746x;2.36767x;44.3234x
607x;0.723858x;2.36618x;44.2958x
608x;0.71998x;2.36468x;44.2681x
609x;0.716112x;2.36317x;44.2403x
610x;0.712255x;2.36166x;44.2125x
611x;0.708408x;2.36014x;44.1846x
612x;0.704572x;2.35861x;44.1567x
613x;0.700745x;2.35708x;44.1287x
614x;0.69693x;2.35555x;44.1007x
615x;0.693125x;2.35401x;44.0726x
616x;0.68933x;2.35246x;44.0445x
617x;0.685546x;2.35091x;44.0162x
618x;0.681772x;2.34936x;43.988x
619x;0.678008x;2.3478x;43.9597x
620x;0.674255x;2.34623x;43.9313x
621x;0.670512x;2.34466x;43.9028x
622x;0.66678x;2.34308x;43.8743x
623x;0.663058x;2.3415x;43.8458x
624x;0.659347x;2.33991x;43.8172x
625x;0.655646x;2.33832x;43.7885x
626x;0.651955x;2.33672x;43.7598x
627x;0.648275x;2.33511x;43.731x
628x;0.644605x;2.3335x;43.7022x
629x;0.640946x;2.33189x;43.6733x
630x;0.637297x;2.33027x;43.6443x
631x;0.633658x;2.32865x;43.6153x
632x;0.63003x;2.32702x;43.5863x
633x;0.626413x;2.32538x;43.5571x
634x;0.622805x;2.32375x;43.5279x
635x;0.619208x;2.3221x;43.4987x
636x;0.615622x;2.32045x;43.4694x
637x;0.612046x;2.3188x;43.44x
638x;0.60848x;2.31714x;43.4106x
639x;0.604925x;2.31547x;43.3812x
640x;0.60138x;2.31381x;43.3516x
641x;0.597846x;2.31213x;43.322x
642x;0.594322x;2.31045x;43.2924x
643x;0.590809x;2.30877x;43.2627x
644x;0.587305x;2.30708x;43.2329x
645x;0.583813x;2.30539x;43.2031x
646x;0.58033x;2.30369x;43.1732x
647x;0.576859x;2.30198x;43.1432x
648x;0.573397x;2.30028x;43.1132x
649x;0.569946x;2.29856x;43.0832x
650x;0.566506x;2.29685x;43.0531x
651x;0.563075x;2.29512x;43.0229x
652x;0.559656x;2.2934x;42.9926x
653x;0.556246x;2.29166x;42.9624x
654x;0.552847x;2.28993x;42.932x
655x;0.549459x;2.28819x;42.9016x
656x;0.546081x;2.28644x;42.8711x
657x;0.542713x;2.28469x;42.8406x
658x;0.539356x;2.28294x;42.81x
659x;0.536009x;2.28118x;42.7793x
660x;0.532672x;2.27941x;42.7486x
661x;0.529346x;2.27764x;42.7178x
662x;0.526031x;2.27587x;42.687x
663x;0.522725x;2.27409x;42.6561x
664x;0.519431x;2.27231x;42.6251x
665x;0.516146x;2.27052x;42.5941x
666x;0.512872x;2.26873x;42.563x
667x;0.509609x;2.26694x;42.5319x
668x;0.506356x;2.26514x;42.5007x
669x;0.503113x;2.26333x;42.4695x
670x;0.499881x;2.26152x;42.4381x
671x;0.496659x;2.25971x;42.4068x
672x;0.493447x;2.25789x;42.3753x
673x;0.490246x;2.25607x;42.3438x
674x;0.487056x;2.25424x;42.3123x
675x;0.483876x;2.25241x;42.2806x
676x;0.480706x;2.25058x;42.2489x
677x;0.477546x;2.24874x;42.2172x
678x;0.474397x;2.24689x;42.1854x
679x;0.471259x;2.24505x;42.1535x
680x;0.468131x;2.24319x;42.1216x
681x;0.465013x;2.24134x;42.0896x
682x;0.461906x;2.23948x;42.0575x
683x;0.458809x;2.23761x;42.0254x
684x;0.455723x;2.23574x;41.9933x
685x;0.452647x;2.23387x;41.961x
686x;0.449581x;2.23199x;41.9287x
687x;0.446526x;2.23011x;41.8963x
688x;0.443481x;2.22822x;41.8639x
689x;0.440447x;2.22633x;41.8314x
690x;0.437423x;2.22444x;41.7989x
691x;0.434409x;2.22254x;41.7663x
692x;0.431406x;2.22064x;41.7336x
693x;0.428413x;2.21873x;41.7008x
694x;0.425431x;2.21683x;41.668x
695x;0.422459x;2.21491x;41.6352x
696x;0.419498x;2.21299x;41.6022x
697x;0.416547x;2.21107x;41.5692x
698x;0.413606x;2.20915x;41.5362x
699x;0.410676x;2.20722x;41.5031x
700x;0.407756x;2.20528x;41.4699x
701x;0.404847x;2.20334x;41.4366x
702x;0.401948x;2.2014x;41.4033x
703x;0.399059x;2.19946x;41.3699x
704x;0.396181x;2.19751x;41.3365x
705x;0.393313x;2.19556x;41.303x
706x;0.390456x;2.1936x;41.2694x
707x;0.387609x;2.19164x;41.2358x
708x;0.384773x;2.18967x;41.2021x
709x;0.381947x;2.18771x;41.1683x
710x;0.379131x;2.18573x;41.1345x
711x;0.376326x;2.18376x;41.1006x
712x;0.373531x;2.18178x;41.0666x
713x;0.370747x;2.1798x;41.0326x
714x;0.367973x;2.17781x;40.9985x
715x;0.365209x;2.17582x;40.9644x
716x;0.362456x;2.17382x;40.9301x
717x;0.359713x;2.17183x;40.8959x
718x;0.356981x;2.16983x;40.8615x
719x;0.354259x;2.16782x;40.8271x
720x;0.351548x;2.16581x;40.7926x
721x;0.348847x;2.1638x;40.7581x
722x;0.346156x;2.16178x;40.7234x
723x;0.343476x;2.15976x;40.6888x
724x;0.340806x;2.15774x;40.654x
725x;0.338147x;2.15571x;40.6192x
726x;0.335498x;2.15368x;40.5843x
727x;0.332859x;2.15165x;40.5493x
728x;0.330231x;2.14961x;40.5143x
729x;0.327613x;2.14757x;40.4792x
730x;0.325006x;2.14553x;40.4441x
731x;0.322409x;2.14348x;40.4089x
732x;0.319823x;2.14143x;40.3736x
733x;0.317247x;2.13938x;40.3382x
734x;0.314681x;2.13732x;40.3028x
735x;0.312126x;2.13526x;40.2673x
736x;0.309581x;2.1332x;40.2318x
737x;0.307047x;2.13113x;40.1961x
738x;0.304523x;2.12906x;40.1604x
739x;0.302009x;2.12698x;40.1247x
740x;0.299506x;2.12491x;40.0888x
741x;0.297013x;2.12283x;40.0529x
742x;0.294531x;2.12074x;40.017x
743x;0.292059x;2.11865x;39.9809x
744x;0.289598x;2.11656x;39.9448x
745x;0.287147x;2.11447x;39.9086x
746x;0.284706x;2.11237x;39.8724x
747x;0.282276x;2.11027x;39.8361x
748x;0.279856x;2.10817x;39.7997x
749x;0.277447x;2.10606x;39.7632x
750x;0.275048x;2.10395x;39.7267x
751x;0.272659x;2.10184x;39.6901x
752x;0.270281x;2.09972x;39.6534x
753x;0.267913x;2.09761x;39.6167x
754x;0.265556x;2.09548x;39.5799x
755x;0.263209x;2.09336x;39.543x
756x;0.260873x;2.09123x;39.5061x
757x;0.258547x;2.0891x;39.469x
758x;0.256231x;2.08696x;39.4319x
759x;0.253926x;2.08483x;39.3948x
760x;0.251631x;2.08269x;39.3575x
761x;0.249347x;2.08054x;39.3202x
762x;0.247073x;2.0784x;39.2829x
763x;0.244809x;2.07625x;39.2454x
764x;0.242556x;2.07409x;39.2079x
765x;0.240313x;2.07194x;39.1703x
766x;0.238081x;2.06978x;39.1326x
767x;0.235859x;2.06762x;39.0949x
768x;0.233648x;2.06546x;39.0571x
769x;0.231446x;2.06329x;39.0192x
770x;0.229256x;2.06112x;38.9812x
771x;0.227076x;2.05895x;38.9432x
772x;0.224906x;2.05677x;38.9051x
773x;0.222746x;2.05459x;38.8669x
774x;0.220597x;2.05241x;38.8287x
775x;0.218459x;2.05023x;38.7903x
776x;0.216331x;2.04804x;38.7519x
777x;0.214213x;2.04585x;38.7134x
778x;0.212106x;2.04366x;38.6749x
779x;0.210009x;2.04147x;38.6363x
780x;0.207922x;2.03927x;38.5976x
781x;0.205846x;2.03707x;38.5588x
782x;0.203781x;2.03486x;38.52x
783x;0.201726x;2.03266x;38.481x
784x;0.199681x;2.03045x;38.442x
785x;0.197646x;2.02824x;38.403x
786x;0.195622x;2.02602x;38.3638x
787x;0.193609x;2.02381x;38.3246x
788x;0.191606x;2.02159x;38.2853x
789x;0.189613x;2.01937x;38.2459x
790x;0.187631x;2.01714x;38.2064x
791x;0.185659x;2.01492x;38.1669x
792x;0.183697x;2.01269x;38.1273x
793x;0.181746x;2.01046x;38.0876x
794x;0.179806x;2.00822x;38.0479x
795x;0.177875x;2.00598x;38.008x
796x;0.175956x;2.00374x;37.9681x
797x;0.174046x;2.0015x;37.9281x
798x;0.172147x;1.99926x;37.888x
799x;0.170259x;1.99701x;37.8479x
800x;0.168381x;1.99476x;37.8077x
801x;0.166513x;1.99251x;37.7673x
802x;0.164656x;1.99026x;37.727x
803x;0.162809x;1.988x;37.6865x
804x;0.160972x;1.98574x;37.646x
805x;0.159146x;1.98348x;37.6053x
806x;0.15733x;1.98121x;37.5646x
807x;0.155525x;1.97895x;37.5239x
808x;0.15373x;1.97668x;37.483x
809x;0.151946x;1.97441x;37.4421x
810x;0.150172x;1.97213x;37.401x
811x;0.148409x;1.96986x;37.3599x
812x;0.146655x;1.96758x;37.3188x
813x;0.144913x;1.9653x;37.2775x
814x;0.14318x;1.96302x;37.2361x
815x;0.141458x;1.96073x;37.1947x
816x;0.139747x;1.95845x;37.1532x
817x;0.138046x;1.95616x;37.1116x
818x;0.136355x;1.95387x;37.07x
819x;0.134675x;1.95157x;37.0282x
820x;0.133005x;1.94928x;36.9864x
821x;0.131346x;1.94698x;36.9445x
822x;0.129697x;1.94468x;36.9025x
823x;0.128058x;1.94238x;36.8604x
824x;0.12643x;1.94007x;36.8183x
825x;0.124812x;1.93776x;36.776x
826x;0.123205x;1.93546x;36.7337x
827x;0.121608x;1.93314x;36.6913x
828x;0.120022x;1.93083x;36.6488x
829x;0.118446x;1.92852x;36.6062x
830x;0.11688x;1.9262x;36.5636x
831x;0.115325x;1.92388x;36.5208x
832x;0.11378x;1.92156x;36.478x
833x;0.112246x;1.91923x;36.4351x
834x;0.110722x;1.91691x;36.3921x
835x;0.109208x;1.91458x;36.349x
836x;0.107705x;1.91225x;36.3058x
837x;0.106212x;1.90992x;36.2626x
838x;0.10473x;1.90759x;36.2192x
839x;0.103258x;1.90525x;36.1758x
840x;0.101797x;1.90291x;36.1323x
841x;0.100345x;1.90058x;36.0887x
842x;0.0989048x;1.89823x;36.045x
843x;0.0974746x;1.89589x;36.0013x
844x;0.0960548x;1.89355x;35.9574x
845x;0.0946454x;1.8912x;35.9135x
846x;0.0932464x;1.88885x;35.8694x
847x;0.0918578x;1.8865x;35.8253x
848x;0.0904797x;1.88415x;35.7811x
849x;0.089112x;1.88179x;35.7368x
850x;0.0877546x;1.87944x;35.6924x
851x;0.0864077x;1.87708x;35.648x
852x;0.0850713x;1.87472x;35.6034x
853x;0.0837452x;1.87236x;35.5588x
854x;0.0824296x;1.86999x;35.514x
855x;0.0811243x;1.86763x;35.4692x
856x;0.0798295x;1.86526x;35.4243x
857x;0.0785451x;1.86289x;35.3793x
858x;0.0772711x;1.86052x;35.3342x
859x;0.0760076x;1.85815x;35.289x
860x;0.0747544x;1.85578x;35.2437x
861x;0.0735117x;1.8534x;35.1984x
862x;0.0722794x;1.85102x;35.1529x
863x;0.0710575x;1.84864x;35.1073x
864x;0.069846x;1.84626x;35.0617x
865x;0.0686449x;1.84388x;35.016x
866x;0.0674543x;1.8415x;34.9702x
867x;0.066274x;1.83911x;34.9242x
868x;0.0651042x;1.83672x;34.8782x
869x;0.0639448x;1.83434x;34.8321x
870x;0.0627958x;1.83195x;34.7859x
871x;0.0616573x;1.82955x;34.7397x
872x;0.0605291x;1.82716x;34.6933x
873x;0.0594114x;1.82476x;34.6468x
874x;0.0583041x;1.82237x;34.6002x
875x;0.0572071x;1.81997x;34.5536x
876x;0.0561207x;1.81757x;34.5068x
877x;0.0550446x;1.81517x;34.46x
878x;0.0539789x;1.81277x;34.413x
879x;0.0529237x;1.81036x;34.366x
880x;0.0518789x;1.80796x;34.3189x
881x;0.0508445x;1.80555x;34.2716x
882x;0.0498205x;1.80314x;34.2243x
883x;0.0488069x;1.80073x;34.1769x
884x;0.0478038x;1.79832x;34.1294x
885x;0.046811x;1.79591x;34.0818x
886x;0.0458287x;1.79349x;34.034x
887x;0.0448568x;1.79108x;33.9862x
888x;0.0438953x;1.78866x;33.9383x
889x;0.0429443x;1.78624x;33.8903x
890x;0.0420036x;1.78382x;33.8422x
891x;0.0410734x;1.7814x;33.794x
892x;0.0401535x;1.77898x;33.7457x
893x;0.0392441x;1.77655x;33.6973x
894x;0.0383451x;1.77413x;33.6488x
895x;0.0374566x;1.7717x;33.6003x
896x;0.0365784x;1.76927x;33.5516x
897x;0.0357107x;1.76684x;33.5028x
898x;0.0348534x;1.76441x;33.4539x
899x;0.0340065x;1.76198x;33.4049x
900x;0.03317x;1.75955x;33.3558x
901x;0.0323439x;1.75712x;33.3066x
902x;0.0315282x;1.75468x;33.2573x
903x;0.030723x;1.75224x;33.2079x
904x;0.0299282x;1.74981x;33.1584x
905x;0.0291438x;1.74737x;33.1088x
906x;0.0283698x;1.74493x;33.0591x
907x;0.0276062x;1.74249x;33.0093x
908x;0.026853x;1.74004x;32.9594x
909x;0.0261103x;1.7376x;32.9094x
910x;0.025378x;1.73515x;32.8593x
911x;0.0246561x;1.73271x;32.809x
912x;0.0239446x;1.73026x;32.7587x
913x;0.0232435x;1.72781x;32.7083x
914x;0.0225528x;1.72536x;32.6578x
915x;0.0218726x;1.72291x;32.6071x
916x;0.0212028x;1.72046x;32.5564x
917x;0.0205434x;1.71801x;32.5056x
918x;0.0198944x;1.71556x;32.4546x
919x;0.0192558x;1.7131x;32.4035x
920x;0.0186276x;1.71065x;32.3524x
921x;0.0180099x;1.70819x;32.3011x
922x;0.0174026x;1.70573x;32.2497x
923x;0.0168056x;1.70327x;32.1983x
924x;0.0162192x;1.70081x;32.1467x
925x;0.0156431x;1.69835x;32.095x
926x;0.0150774x;1.69589x;32.0432x
927x;0.0145222x;1.69343x;31.9912x
928x;0.0139773x;1.69096x;31.9392x
929x;0.0134429x;1.6885x;31.8871x
930x;0.0129189x;1.68603x;31.8348x
931x;0.0124054x;1.68357x;31.7825x
932x;0.0119022x;1.6811x;31.73x
933x;0.0114094x;1.67863x;31.6775x
934x;0.0109271x;1.67616x;31.6248x
935x;0.0104552x;1.67369x;31.572x
936x;0.00999371x;1.67122x;31.5191x
937x;0.00954263x;1.66875x;31.4661x
938x;0.00910197x;1.66628x;31.4129x
939x;0.00867172x;1.6638x;31.3597x
940x;0.00825189x;1.66133x;31.3064x
941x;0.00784248x;1.65886x;31.2529x
942x;0.00744348x;1.65638x;31.1993x
943x;0.0070549x;1.6539x;31.1456x
944x;0.00667674x;1.65143x;31.0918x
945x;0.00630899x;1.64895x;31.0379x
946x;0.00595166x;1.64647x;30.9839x
947x;0.00560474x;1.64399x;30.9297x
948x;0.00526824x;1.64151x;30.8755x
949x;0.00494216x;1.63903x;30.8211x
950x;0.0046265x;1.63655x;30.7666x
951x;0.00432125x;1.63406x;30.712x
952x;0.00402641x;1.63158x;30.6573x
953x;0.003742x;1.6291x;30.6024x
954x;0.003468x;1.62661x;30.5474x
955x;0.00320442x;1.62413x;30.4924x
956x;0.00295125x;1.62164x;30.4372x
957x;0.0027085x;1.61915x;30.3819x
958x;0.00247617x;1.61666x;30.3264x
959x;0.00225425x;1.61418x;30.2709x
960x;0.00204275x;1.61169x;30.2152x
961x;0.00184166x;1.6092x;30.1594x
962x;0.001651x;1.60671x;30.1035x
963x;0.00147075x;1.60422x;30.0475x
964x;0.00130091x;1.60173x;29.9913x
965x;0.00114149x;1.59924x;29.9351x
966x;0.000992492x;1.59674x;29.8787x
967x;0.000853907x;1.59425x;29.8222x
968x;0.000725738x;1.59176x;29.7655x
969x;0.000607986x;1.58926x;29.7088x
970x;0.000500651x;1.58677x;29.6519x
971x;0.000403732x;1.58428x;29.5949x
972x;0.000317229x;1.58178x;29.5377x
973x;0.000241143x;1.57928x;29.4805x
974x;0.000175475x;1.57679x;29.4231x
975x;0.000120223x;1.57429x;29.3656x
976x;7.53888e-05x;1.57179x;29.308x
977x;4.09752e-05x;1.5693x;29.2502x
978x;1.69939e-05x;1.5668x;29.1924x
979x;3.59755e-06x;1.5643x;29.1343x
980x;-7.31066e-07x;1.5618x;29.0763x
981x;-7.31066e-07x;1.55931x;29.0183x
982x;-7.31066e-07x;1.55683x;28.9606x
983x;-7.31066e-07x;1.55435x;28.9032x
984x;-7.31066e-07x;1.55189x;28.846x
985x;-7.31066e-07x;1.54944x;28.7892x
986x;-7.31066e-07x;1.547x;28.7326x
987x;-7.31066e-07x;1.54456x;28.6763x
988x;-7.31066e-07x;1.54214x;28.6202x
989x;-7.31066e-07x;1.53973x;28.5645x
990x;-7.31066e-07x;1.53732x;28.509x
991x;-7.31066e-07x;1.53493x;28.4538x
992x;-7.31066e-07x;1.53255x;28.3988x
993x;-7.31066e-07x;1.53017x;28.3442x
994x;-7.31066e-07x;1.52781x;28.2898x
995x;-7.31066e-07x;1.52545x;28.2357x
996x;-7.31066e-07x;1.5231x;28.1818x
997x;-7.31066e-07x;1.52077x;28.1282x
998x;-7.31066e-07x;1.51844x;28.0749x
999x;-7.31066e-07x;1.51612x;28.0219x
1000x;-7.31066e-07x;1.51381x;27.9691x
1001x;-7.31066e-07x;1.51151x;27.9166x
1002x;-7.31066e-07x;1.50922x;27.8643x
1003x;-7.31066e-07x;1.50694x;27.8124x
1004x;-7.31066e-07x;1.50467x;27.7606x
1005x;-7.31066e-07x;1.50241x;27.7092x
1006x;-7.31066e-07x;1.50016x;27.658x
1007x;-7.31066e-07x;1.49791x;27.6071x
1008x;-7.31066e-07x;1.49568x;27.5565x
1009x;-7.31066e-07x;1.49346x;27.5061x
1010x;-7.31066e-07x;1.49124x;27.4559x
1011x;-7.31066e-07x;1.48903x;27.4061x
1012x;-7.31066e-07x;1.48683x;27.3565x
1013x;-7.31066e-07x;1.48465x;27.3071x
1014x;-7.31066e-07x;1.48246x;27.258x
1015x;-7.31066e-07x;1.48029x;27.2092x
1016x;-7.31066e-07x;1.47813x;27.1606x
1017x;-7.31066e-07x;1.47598x;27.1123x
1018x;-7.31066e-07x;1.47383x;27.0642x
1019x;-7.31066e-07x;1.4717x;27.0164x
1020x;-7.31066e-07x;1.46957x;26.9689x
1021x;-7.31066e-07x;1.46745x;26.9216x
1022x;-7.31066e-07x;1.46534x;26.8746x
1023x;-7.31066e-07x;1.46324x;26.8278x
1024x;-7.31066e-07x;1.46115x;26.7812x
1025x;-7.31066e-07x;1.45907x;26.7349x
1026x;-7.31066e-07x;1.45699x;26.6889x
1027x;-7.31066e-07x;1.45493x;26.6431x
1028x;-7.31066e-07x;1.45287x;26.5976x
1029x;-7.31066e-07x;1.45082x;26.5523x
1030x;-7.31066e-07x;1.44878x;26.5073x
1031x;-7.31066e-07x;1.44675x;26.4625x
1032x;-7.31066e-07x;1.44472x;26.4179x
1033x;-7.31066e-07x;1.44271x;26.3736x
1034x;-7.31066e-07x;1.4407x;26.3296x
1035x;-7.31066e-07x;1.4387x;26.2858x
1036x;-7.31066e-07x;1.43671x;26.2422x
1037x;-7.31066e-07x;1.43473x;26.1989x
1038x;-7.31066e-07x;1.43275x;26.1558x
1039x;-7.31066e-07x;1.43079x;26.1129x
1040x;-7.31066e-07x;1.42883x;26.0703x
1041x;-7.31066e-07x;1.42688x;26.028x
1042x;-7.31066e-07x;1.42494x;25.9858x
1043x;-7.31066e-07x;1.42301x;25.944x
1044x;-7.31066e-07x;1.42108x;25.9023x
1045x;-7.31066e-07x;1.41917x;25.8609x
1046x;-7.31066e-07x;1.41726x;25.8197x
1047x;-7.31066e-07x;1.41536x;25.7788x
1048x;-7.31066e-07x;1.41346x;25.738x
1049x;-7.31066e-07x;1.41158x;25.6976x
1050x;-7.31066e-07x;1.4097x;25.6573x
1051x;-7.31066e-07x;1.40783x;25.6173x
1052x;-7.31066e-07x;1.40597x;25.5775x
1053x;-7.31066e-07x;1.40412x;25.538x
1054x;-7.31066e-07x;1.40227x;25.4986x
1055x;-7.31066e-07x;1.40043x;25.4595x
1056x;-7.31066e-07x;1.3986x;25.4207x
1057x;-7.31066e-07x;1.39678x;25.382x
1058x;-7.31066e-07x;1.39497x;25.3436x
1059x;-7.31066e-07x;1.39316x;25.3054x
1060x;-7.31066e-07x;1.39136x;25.2674x
1061x;-7.31066e-07x;1.38957x;25.2297x
1062x;-7.31066e-07x;1.38778x;25.1922x
1063x;-7.31066e-07x;1.38601x;25.1549x
1064x;-7.31066e-07x;1.38424x;25.1178x
1065x;-7.31066e-07x;1.38248x;25.0809x
1066x;-7.31066e-07x;1.38072x;25.0443x
1067x;-7.31066e-07x;1.37898x;25.0079x
1068x;-7.31066e-07x;1.37724x;24.9716x
1069x;-7.31066e-07x;1.3755x;24.9357x
1070x;-7.31066e-07x;1.37378x;24.8999x
1071x;-7.31066e-07x;1.37206x;24.8643x
1072x;-7.31066e-07x;1.37035x;24.829x
1073x;-7.31066e-07x;1.36865x;24.7938x
1074x;-7.31066e-07x;1.36696x;24.7589x
1075x;-7.31066e-07x;1.36527x;24.7242x
1076x;-7.31066e-07x;1.36359x;24.6897x
1077x;-7.31066e-07x;1.36191x;24.6554x
1078x;-7.31066e-07x;1.36025x;24.6213x
1079x;-7.31066e-07x;1.35859x;24.5875x
1080x;-7.31066e-07x;1.35693x;24.5538x
1081x;-7.31066e-07x;1.35529x;24.5204x
1082x;-7.31066e-07x;1.35365x;24.4871x
1083x;-7.31066e-07x;1.35202x;24.4541x
1084x;-7.31066e-07x;1.3504x;24.4212x
1085x;-7.31066e-07x;1.34878x;24.3886x
1086x;-7.31066e-07x;1.34717x;24.3561x
1087x;-7.31066e-07x;1.34557x;24.3239x
1088x;-7.31066e-07x;1.34397x;24.2919x
1089x;-7.31066e-07x;1.34238x;24.26x
1090x;-7.31066e-07x;1.3408x;24.2284x
1091x;-7.31066e-07x;1.33922x;24.197x
1092x;-7.31066e-07x;1.33765x;24.1657x
1093x;-7.31066e-07x;1.33609x;24.1347x
1094x;-7.31066e-07x;1.33453x;24.1038x
1095x;-7.31066e-07x;1.33299x;24.0732x
1096x;-7.31066e-07x;1.33144x;24.0427x
1097x;-7.31066e-07x;1.32991x;24.0125x
1098x;-7.31066e-07x;1.32838x;23.9824x
1099x;-7.31066e-07x;1.32686x;23.9525x
1100x;-7.31066e-07x;1.32534x;23.9228x
1101x;-7.31066e-07x;1.32383x;23.8933x
1102x;-7.31066e-07x;1.32233x;23.864x
1103x;-7.31066e-07x;1.32083x;23.8349x
1104x;-7.31066e-07x;1.31934x;23.8059x
1105x;-7.31066e-07x;1.31786x;23.7772x
1106x;-7.31066e-07x;1.31638x;23.7486x
1107x;-7.31066e-07x;1.31491x;23.7202x
1108x;-7.31066e-07x;1.31345x;23.692x
1109x;-7.31066e-07x;1.31199x;23.664x
1110x;-7.31066e-07x;1.31054x;23.6362x
1111x;-7.31066e-07x;1.3091x;23.6085x
1112x;-7.31066e-07x;1.30766x;23.581x
1113x;-7.31066e-07x;1.30623x;23.5537x
1114x;-7.31066e-07x;1.3048x;23.5266x
1115x;-7.31066e-07x;1.30338x;23.4997x
1116x;-7.31066e-07x;1.30197x;23.4729x
1117x;-7.31066e-07x;1.30056x;23.4463x
1118x;-7.31066e-07x;1.29916x;23.4199x
1119x;-7.31066e-07x;1.29776x;23.3937x
1120x;-7.31066e-07x;1.29638x;23.3676x
1121x;-7.31066e-07x;1.29499x;23.3417x
1122x;-7.31066e-07x;1.29362x;23.316x
1123x;-7.31066e-07x;1.29225x;23.2905x
1124x;-7.31066e-07x;1.29088x;23.2651x
1125x;-7.31066e-07x;1.28952x;23.2399x
1126x;-7.31066e-07x;1.28817x;23.2148x
1127x;-7.31066e-07x;1.28682x;23.19x
1128x;-7.31066e-07x;1.28548x;23.1652x
1129x;-7.31066e-07x;1.28415x;23.1407x
1130x;-7.31066e-07x;1.28282x;23.1163x
1131x;-7.31066e-07x;1.28149x;23.0921x
1132x;-7.31066e-07x;1.28018x;23.0681x
1133x;-7.31066e-07x;1.27887x;23.0442x
1134x;-7.31066e-07x;1.27756x;23.0205x
1135x;-7.31066e-07x;1.27626x;22.9969x
1136x;-7.31066e-07x;1.27497x;22.9735x
1137x;-7.31066e-07x;1.27368x;22.9503x
1138x;-7.31066e-07x;1.27239x;22.9272x
1139x;-7.31066e-07x;1.27112x;22.9042x
1140x;-7.31066e-07x;1.26985x;22.8815x
1141x;-7.31066e-07x;1.26858x;22.8589x
1142x;-7.31066e-07x;1.26732x;22.8364x
1143x;-7.31066e-07x;1.26606x;22.8141x
1144x;-7.31066e-07x;1.26481x;22.792x
1145x;-7.31066e-07x;1.26357x;22.77x
1146x;-7.31066e-07x;1.26233x;22.7481x
1147x;-7.31066e-07x;1.2611x;22.7264x
1148x;-7.31066e-07x;1.25987x;22.7049x
1149x;-7.31066e-07x;1.25865x;22.6835x
1150x;-7.31066e-07x;1.25744x;22.6622x
1151x;-7.31066e-07x;1.25622x;22.6411x
1152x;-7.31066e-07x;1.25502x;22.6202x
1153x;-7.31066e-07x;1.25382x;22.5994x
1154x;-7.31066e-07x;1.25262x;22.5787x
1155x;-7.31066e-07x;1.25144x;22.5582x
1156x;-7.31066e-07x;1.25025x;22.5378x
1157x;-7.31066e-07x;1.24907x;22.5176x
1158x;-7.31066e-07x;1.2479x;22.4975x
1159x;-7.31066e-07x;1.24673x;22.4776x
1160x;-7.31066e-07x;1.24557x;22.4578x
1161x;-7.31066e-07x;1.24441x;22.4381x
1162x;-7.31066e-07x;1.24326x;22.4186x
1163x;-7.31066e-07x;1.24211x;22.3992x
1164x;-7.31066e-07x;1.24097x;22.38x
1165x;-7.31066e-07x;1.23983x;22.3608x
1166x;-7.31066e-07x;1.2387x;22.3419x
1167x;-7.31066e-07x;1.23757x;22.323x
1168x;-7.31066e-07x;1.23645x;22.3043x
1169x;-7.31066e-07x;1.23533x;22.2858x
1170x;-7.31066e-07x;1.23422x;22.2673x
1171x;-7.31066e-07x;1.23311x;22.249x
1172x;-7.31066e-07x;1.23201x;22.2308x
1173x;-7.31066e-07x;1.23091x;22.2128x
1174x;-7.31066e-07x;1.22982x;22.1949x
1175x;-7.31066e-07x;1.22873x;22.1771x
1176x;-7.31066e-07x;1.22765x;22.1595x
1177x;-7.31066e-07x;1.22657x;22.1419x
1178x;-7.31066e-07x;1.2255x;22.1245x
1179x;-7.31066e-07x;1.22443x;22.1073x
1180x;-7.31066e-07x;1.22337x;22.0901x
1181x;-7.31066e-07x;1.22231x;22.0731x
1182x;-7.31066e-07x;1.22126x;22.0562x
1183x;-7.31066e-07x;1.22021x;22.0394x
1184x;-7.31066e-07x;1.21917x;22.0228x
1185x;-7.31066e-07x;1.21813x;22.0062x
1186x;-7.31066e-07x;1.21709x;21.9898x
1187x;-7.31066e-07x;1.21606x;21.9735x
1188x;-7.31066e-07x;1.21504x;21.9574x
1189x;-7.31066e-07x;1.21402x;21.9413x
1190x;-7.31066e-07x;1.213x;21.9254x
1191x;-7.31066e-07x;1.21199x;21.9096x
1192x;-7.31066e-07x;1.21098x;21.8939x
1193x;-7.31066e-07x;1.20998x;21.8783x
1194x;-7.31066e-07x;1.20898x;21.8628x
1195x;-7.31066e-07x;1.20799x;21.8475x
1196x;-7.31066e-07x;1.207x;21.8322x
1197x;-7.31066e-07x;1.20602x;21.8171x
1198x;-7.31066e-07x;1.20504x;21.8021x
1199x;-7.31066e-07x;1.20406x;21.7872x
1200x;-7.31066e-07x;1.20309x;21.7724x
1201x;-7.31066e-07x;1.20212x;21.7577x
1202x;-7.31066e-07x;1.20116x;21.7432x
1203x;-7.31066e-07x;1.20021x;21.7287x
1204x;-7.31066e-07x;1.19925x;21.7144x
1205x;-7.31066e-07x;1.1983x;21.7001x
1206x;-7.31066e-07x;1.19736x;21.686x
1207x;-7.31066e-07x;1.19642x;21.672x
1208x;-7.31066e-07x;1.19548x;21.658x
1209x;-7.31066e-07x;1.19455x;21.6442x
1210x;-7.31066e-07x;1.19362x;21.6305x
1211x;-7.31066e-07x;1.1927x;21.6169x
1212x;-7.31066e-07x;1.19178x;21.6034x
1213x;-7.31066e-07x;1.19087x;21.59x
1214x;-7.31066e-07x;1.18996x;21.5767x
1215x;-7.31066e-07x;1.18905x;21.5635x
1216x;-7.31066e-07x;1.18815x;21.5504x
1217x;-7.31066e-07x;1.18725x;21.5374x
1218x;-7.31066e-07x;1.18636x;21.5245x
1219x;-7.31066e-07x;1.18547x;21.5117x
1220x;-7.31066e-07x;1.18458x;21.499x
1221x;-7.31066e-07x;1.1837x;21.4864x
1222x;-7.31066e-07x;1.18282x;21.4739x
1223x;-7.31066e-07x;1.18195x;21.4615x
1224x;-7.31066e-07x;1.18108x;21.4491x
1225x;-7.31066e-07x;1.18021x;21.4369x
1226x;-7.31066e-07x;1.17935x;21.4248x
1227x;-7.31066e-07x;1.17849x;21.4128x
1228x;-7.31066e-07x;1.17764x;21.4008x
1229x;-7.31066e-07x;1.17679x;21.389x
1230x;-7.31066e-07x;1.17594x;21.3772x
1231x;-7.31066e-07x;1.1751x;21.3655x
1232x;-7.31066e-07x;1.17426x;21.354x
1233x;-7.31066e-07x;1.17343x;21.3425x
1234x;-7.31066e-07x;1.1726x;21.3311x
1235x;-7.31066e-07x;1.17177x;21.3198x
1236x;-7.31066e-07x;1.17095x;21.3086x
1237x;-7.31066e-07x;1.17013x;21.2974x
1238x;-7.31066e-07x;1.16931x;21.2864x
1239x;-7.31066e-07x;1.1685x;21.2754x
1240x;-7.31066e-07x;1.16769x;21.2646x
1241x;-7.31066e-07x;1.16689x;21.2538x
1242x;-7.31066e-07x;1.16609x;21.2431x
1243x;-7.31066e-07x;1.16529x;21.2325x
1244x;-7.31066e-07x;1.1645x;21.2219x
1245x;-7.31066e-07x;1.16371x;21.2115x
1246x;-7.31066e-07x;1.16292x;21.2011x
1247x;-7.31066e-07x;1.16214x;21.1908x
1248x;-7.31066e-07x;1.16136x;21.1806x
1249x;-7.31066e-07x;1.16059x;21.1705x
1250x;-7.31066e-07x;1.15982x;21.1604x
1251x;-7.31066e-07x;1.15905x;21.1505x
1252x;-7.31066e-07x;1.15828x;21.1406x
1253x;-7.31066e-07x;1.15752x;21.1308x
1254x;-7.31066e-07x;1.15677x;21.121x
1255x;-7.31066e-07x;1.15601x;21.1114x
1256x;-7.31066e-07x;1.15526x;21.1018x
1257x;-7.31066e-07x;1.15452x;21.0923x
1258x;-7.31066e-07x;1.15377x;21.0829x
1259x;-7.31066e-07x;1.15303x;21.0735x
1260x;-7.31066e-07x;1.1523x;21.0643x
1261x;-7.31066e-07x;1.15157x;21.0551x
1262x;-7.31066e-07x;1.15084x;21.0459x
1263x;-7.31066e-07x;1.15011x;21.0369x
1264x;-7.31066e-07x;1.14939x;21.0279x
1265x;-7.31066e-07x;1.14867x;21.019x
1266x;-7.31066e-07x;1.14795x;21.0102x
1267x;-7.31066e-07x;1.14724x;21.0014x
1268x;-7.31066e-07x;1.14653x;20.9927x
1269x;-7.31066e-07x;1.14582x;20.9841x
1270x;-7.31066e-07x;1.14512x;20.9755x
1271x;-7.31066e-07x;1.14442x;20.9671x
1272x;-7.31066e-07x;1.14373x;20.9586x
1273x;-7.31066e-07x;1.14303x;20.9503x
1274x;-7.31066e-07x;1.14234x;20.942x
1275x;-7.31066e-07x;1.14166x;20.9338x
1276x;-7.31066e-07x;1.14097x;20.9256x
1277x;-7.31066e-07x;1.14029x;20.9176x
1278x;-7.31066e-07x;1.13962x;20.9096x
1279x;-7.31066e-07x;1.13894x;20.9016x
1280x;-7.31066e-07x;1.13827x;20.8937x
1281x;-7.31066e-07x;1.13761x;20.8859x
1282x;-7.31066e-07x;1.13694x;20.8781x
1283x;-7.31066e-07x;1.13628x;20.8705x
1284x;-7.31066e-07x;1.13562x;20.8628x
1285x;-7.31066e-07x;1.13497x;20.8553x
1286x;-7.31066e-07x;1.13431x;20.8478x
1287x;-7.31066e-07x;1.13367x;20.8403x
1288x;-7.31066e-07x;1.13302x;20.8329x
1289x;-7.31066e-07x;1.13238x;20.8256x
1290x;-7.31066e-07x;1.13174x;20.8183x
1291x;-7.31066e-07x;1.1311x;20.8111x
1292x;-7.31066e-07x;1.13047x;20.804x
1293x;-7.31066e-07x;1.12984x;20.7969x
1294x;-7.31066e-07x;1.12921x;20.7899x
1295x;-7.31066e-07x;1.12858x;20.7829x
1296x;-7.31066e-07x;1.12796x;20.776x
1297x;-7.31066e-07x;1.12734x;20.7692x
1298x;-7.31066e-07x;1.12673x;20.7624x
1299x;-7.31066e-07x;1.12611x;20.7556x
1300x;-7.31066e-07x;1.1255x;20.749x
1301x;-7.31066e-07x;1.12489x;20.7423x
1302x;-7.31066e-07x;1.12429x;20.7358x
1303x;-7.31066e-07x;1.12369x;20.7292x
1304x;-7.31066e-07x;1.12309x;20.7228x
1305x;-7.31066e-07x;1.12249x;20.7164x
1306x;-7.31066e-07x;1.1219x;20.71x
1307x;-7.31066e-07x;1.12131x;20.7037x
1308x;-7.31066e-07x;1.12072x;20.6975x
1309x;-7.31066e-07x;1.12014x;20.6913x
1310x;-7.31066e-07x;1.11955x;20.6851x
1311x;-7.31066e-07x;1.11897x;20.679x
1312x;-7.31066e-07x;1.1184x;20.673x
1313x;-7.31066e-07x;1.11782x;20.667x
1314x;-7.31066e-07x;1.11725x;20.661x
1315x;-7.31066e-07x;1.11668x;20.6552x
1316x;-7.31066e-07x;1.11612x;20.6493x
1317x;-7.31066e-07x;1.11555x;20.6435x
1318x;-7.31066e-07x;1.11499x;20.6378x
1319x;-7.31066e-07x;1.11444x;20.6321x
1320x;-7.31066e-07x;1.11388x;20.6264x
1321x;-7.31066e-07x;1.11333x;20.6208x
1322x;-7.31066e-07x;1.11278x;20.6153x
1323x;-7.31066e-07x;1.11223x;20.6098x
1324x;-7.31066e-07x;1.11169x;20.6043x
1325x;-7.31066e-07x;1.11114x;20.5989x
1326x;-7.31066e-07x;1.1106x;20.5935x
1327x;-7.31066e-07x;1.11007x;20.5882x
1328x;-7.31066e-07x;1.10953x;20.5829x
1329x;-7.31066e-07x;1.109x;20.5777x
1330x;-7.31066e-07x;1.10847x;20.5725x
1331x;-7.31066e-07x;1.10794x;20.5674x
1332x;-7.31066e-07x;1.10742x;20.5623x
1333x;-7.31066e-07x;1.1069x;20.5572x
1334x;-7.31066e-07x;1.10638x;20.5522x
1335x;-7.31066e-07x;1.10586x;20.5472x
1336x;-7.31066e-07x;1.10534x;20.5423x
1337x;-7.31066e-07x;1.10483x;20.5374x
1338x;-7.31066e-07x;1.10432x;20.5326x
1339x;-7.31066e-07x;1.10381x;20.5278x
1340x;-7.31066e-07x;1.10331x;20.523x
1341x;-7.31066e-07x;1.10281x;20.5183x
1342x;-7.31066e-07x;1.10231x;20.5136x
1343x;-7.31066e-07x;1.10181x;20.509x
1344x;-7.31066e-07x;1.10131x;20.5044x
1345x;-7.31066e-07x;1.10082x;20.4998x
1346x;-7.31066e-07x;1.10033x;20.4953x
1347x;-7.31066e-07x;1.09984x;20.4908x
1348x;-7.31066e-07x;1.09935x;20.4864x
1349x;-7.31066e-07x;1.09887x;20.482x
1350x;-7.31066e-07x;1.09839x;20.4776x
1351x;-7.31066e-07x;1.09791x;20.4733x
1352x;-7.31066e-07x;1.09743x;20.469x
1353x;-7.31066e-07x;1.09696x;20.4647x
1354x;-7.31066e-07x;1.09649x;20.4605x
1355x;-7.31066e-07x;1.09602x;20.4563x
1356x;-7.31066e-07x;1.09555x;20.4522x
1357x;-7.31066e-07x;1.09508x;20.4481x
1358x;-7.31066e-07x;1.09462x;20.444x
1359x;-7.31066e-07x;1.09416x;20.44x
1360x;-7.31066e-07x;1.0937x;20.436x
1361x;-7.31066e-07x;1.09324x;20.432x
1362x;-7.31066e-07x;1.09279x;20.4281x
1363x;-7.31066e-07x;1.09233x;20.4242x
1364x;-7.31066e-07x;1.09188x;20.4203x
1365x;-7.31066e-07x;1.09144x;20.4165x
1366x;-7.31066e-07x;1.09099x;20.4127x
1367x;-7.31066e-07x;1.09054x;20.4089x
1368x;-7.31066e-07x;1.0901x;20.4052x
1369x;-7.31066e-07x;1.08966x;20.4015x
1370x;-7.31066e-07x;1.08923x;20.3978x
1371x;-7.31066e-07x;1.08879x;20.3942x
1372x;-7.31066e-07x;1.08836x;20.3905x
1373x;-7.31066e-07x;1.08793x;20.387x
1374x;-7.31066e-07x;1.0875x;20.3834x
1375x;-7.31066e-07x;1.08707x;20.3799x
1376x;-7.31066e-07x;1.08664x;20.3764x
1377x;-7.31066e-07x;1.08622x;20.373x
1378x;-7.31066e-07x;1.0858x;20.3696x
1379x;-7.31066e-07x;1.08538x;20.3662x
1380x;-7.31066e-07x;1.08496x;20.3628x
1381x;-7.31066e-07x;1.08455x;20.3595x
1382x;-7.31066e-07x;1.08413x;20.3562x
1383x;-7.31066e-07x;1.08372x;20.3529x
1384x;-7.31066e-07x;1.08331x;20.3497x
1385x;-7.31066e-07x;1.08291x;20.3465x
1386x;-7.31066e-07x;1.0825x;20.3433x
1387x;-7.31066e-07x;1.0821x;20.3401x
1388x;-7.31066e-07x;1.0817x;20.337x
1389x;-7.31066e-07x;1.0813x;20.3339x
1390x;-7.31066e-07x;1.0809x;20.3308x
1391x;-7.31066e-07x;1.0805x;20.3278x
1392x;-7.31066e-07x;1.08011x;20.3248x
1393x;-7.31066e-07x;1.07972x;20.3218x
1394x;-7.31066e-07x;1.07933x;20.3188x
1395x;-7.31066e-07x;1.07894x;20.3159x
1396x;-7.31066e-07x;1.07855x;20.3129x
1397x;-7.31066e-07x;1.07817x;20.3101x
1398x;-7.31066e-07x;1.07779x;20.3072x
1399x;-7.31066e-07x;1.07741x;20.3044x
1400x;-7.31066e-07x;1.07703x;20.3015x
1401x;-7.31066e-07x;1.07665x;20.2988x
1402x;-7.31066e-07x;1.07628x;20.296x
1403x;-7.31066e-07x;1.0759x;20.2933x
1404x;-7.31066e-07x;1.07553x;20.2905x
1405x;-7.31066e-07x;1.07516x;20.2878x
1406x;-7.31066e-07x;1.07479x;20.2852x
1407x;-7.31066e-07x;1.07443x;20.2825x
1408x;-7.31066e-07x;1.07406x;20.2799x
1409x;-7.31066e-07x;1.0737x;20.2773x
1410x;-7.31066e-07x;1.07334x;20.2748x
1411x;-7.31066e-07x;1.07298x;20.2722x
1412x;-7.31066e-07x;1.07262x;20.2697x
1413x;-7.31066e-07x;1.07226x;20.2672x
1414x;-7.31066e-07x;1.07191x;20.2647x
1415x;-7.31066e-07x;1.07156x;20.2622x
1416x;-7.31066e-07x;1.07121x;20.2598x
1417x;-7.31066e-07x;1.07086x;20.2574x
1418x;-7.31066e-07x;1.07051x;20.255x
1419x;-7.31066e-07x;1.07017x;20.2526x
1420x;-7.31066e-07x;1.06982x;20.2503x
1421x;-7.31066e-07x;1.06948x;20.2479x
1422x;-7.31066e-07x;1.06914x;20.2456x
1423x;-7.31066e-07x;1.0688x;20.2434x
1424x;-7.31066e-07x;1.06846x;20.2411x
1425x;-7.31066e-07x;1.06813x;20.2388x
1426x;-7.31066e-07x;1.06779x;20.2366x
1427x;-7.31066e-07x;1.06746x;20.2344x
1428x;-7.31066e-07x;1.06713x;20.2322x
1429x;-7.31066e-07x;1.0668x;20.2301x
1430x;-7.31066e-07x;1.06647x;20.2279x
1431x;-7.31066e-07x;1.06614x;20.2258x
1432x;-7.31066e-07x;1.06582x;20.2237x
1433x;-7.31066e-07x;1.0655x;20.2216x
1434x;-7.31066e-07x;1.06518x;20.2195x
1435x;-7.31066e-07x;1.06486x;20.2175x
1436x;-7.31066e-07x;1.06454x;20.2154x
1437x;-7.31066e-07x;1.06422x;20.2134x
1438x;-7.31066e-07x;1.0639x;20.2114x
1439x;-7.31066e-07x;1.06359x;20.2094x
1440x;-7.31066e-07x;1.06328x;20.2075x
1441x;-7.31066e-07x;1.06297x;20.2055x
1442x;-7.31066e-07x;1.06266x;20.2036x
1443x;-7.31066e-07x;1.06235x;20.2017x
1444x;-7.31066e-07x;1.06204x;20.1998x
1445x;-7.31066e-07x;1.06174x;20.1979x
1446x;-7.31066e-07x;1.06144x;20.1961x
1447x;-7.31066e-07x;1.06113x;20.1942x
1448x;-7.31066e-07x;1.06083x;20.1924x
1449x;-7.31066e-07x;1.06054x;20.1906x
1450x;-7.31066e-07x;1.06024x;20.1888x
1451x;-7.31066e-07x;1.05994x;20.1871x
1452x;-7.31066e-07x;1.05965x;20.1853x
1453x;-7.31066e-07x;1.05935x;20.1836x
1454x;-7.31066e-07x;1.05906x;20.1818x
1455x;-7.31066e-07x;1.05877x;20.1801x
1456x;-7.31066e-07x;1.05848x;20.1784x
1457x;-7.31066e-07x;1.0582x;20.1768x
1458x;-7.31066e-07x;1.05791x;20.1751x
1459x;-7.31066e-07x;1.05762x;20.1734x
1460x;-7.31066e-07x;1.05734x;20.1718x
1461x;-7.31066e-07x;1.05706x;20.1702x
1462x;-7.31066e-07x;1.05678x;20.1686x
1463x;-7.31066e-07x;1.0565x;20.167x
1464x;-7.31066e-07x;1.05622x;20.1654x
1465x;-7.31066e-07x;1.05594x;20.1639x
1466x;-7.31066e-07x;1.05567x;20.1623x
1467x;-7.31066e-07x;1.0554x;20.1608x
1468x;-7.31066e-07x;1.05512x;20.1593x
1469x;-7.31066e-07x;1.05485x;20.1578x
1470x;-7.31066e-07x;1.05458x;20.1563x
1471x;-7.31066e-07x;1.05431x;20.1548x
1472x;-7.31066e-07x;1.05405x;20.1534x
1473x;-7.31066e-07x;1.05378x;20.1519x
1474x;-7.31066e-07x;1.05351x;20.1505x
1475x;-7.31066e-07x;1.05325x;20.149x
1476x;-7.31066e-07x;1.05299x;20.1476x
1477x;-7.31066e-07x;1.05273x;20.1462x
1478x;-7.31066e-07x;1.05247x;20.1449x
1479x;-7.31066e-07x;1.05221x;20.1435x
1480x;-7.31066e-07x;1.05195x;20.1421x
1481x;-7.31066e-07x;1.0517x;20.1408x
1482x;-7.31066e-07x;1.05144x;20.1395x
1483x;-7.31066e-07x;1.05119x;20.1381x
1484x;-7.31066e-07x;1.05094x;20.1368x
1485x;-7.31066e-07x;1.05069x;20.1355x
1486x;-7.31066e-07x;1.05044x;20.1342x
1487x;-7.31066e-07x;1.05019x;20.133x
1488x;-7.31066e-07x;1.04994x;20.1317x
1489x;-7.31066e-07x;1.0497x;20.1305x
1490x;-7.31066e-07x;1.04945x;20.1292x
1491x;-7.31066e-07x;1.04921x;20.128x
1492x;-7.31066e-07x;1.04896x;20.1268x
1493x;-7.31066e-07x;1.04872x;20.1256x
1494x;-7.31066e-07x;1.04848x;20.1244x
1495x;-7.31066e-07x;1.04824x;20.1232x
1496x;-7.31066e-07x;1.04801x;20.122x
1497x;-7.31066e-07x;1.04777x;20.1209x
1498x;-7.31066e-07x;1.04753x;20.1197x
1499x;-7.31066e-07x;1.0473x;20.1186x
1500x;-7.31066e-07x;1.04707x;20.1175x
1501x;-7.31066e-07x;1.04683x;20.1164x
1502x;-7.31066e-07x;1.0466x;20.1152x
1503x;-7.31066e-07x;1.04637x;20.1142x
1504x;-7.31066e-07x;1.04614x;20.1131x
1505x;-7.31066e-07x;1.04592x;20.112x
1506x;-7.31066e-07x;1.04569x;20.1109x
1507x;-7.31066e-07x;1.04547x;20.1099x
1508x;-7.31066e-07x;1.04524x;20.1088x
1509x;-7.31066e-07x;1.04502x;20.1078x
1510x;-7.31066e-07x;1.0448x;20.1068x
1511x;-7.31066e-07x;1.04458x;20.1057x
1512x;-7.31066e-07x;1.04436x;20.1047x
1513x;-7.31066e-07x;1.04414x;20.1037x
1514x;-7.31066e-07x;1.04392x;20.1027x
1515x;-7.31066e-07x;1.0437x;20.1018x
1516x;-7.31066e-07x;1.04349x;20.1008x
1517x;-7.31066e-07x;1.04327x;20.0998x
1518x;-7.31066e-07x;1.04306x;20.0989x
1519x;-7.31066e-07x;1.04285x;20.0979x
1520x;-7.31066e-07x;1.04263x;20.097x
1521x;-7.31066e-07x;1.04242x;20.0961x
1522x;-7.31066e-07x;1.04221x;20.0952x
1523x;-7.31066e-07x;1.04201x;20.0943x
1524x;-7.31066e-07x;1.0418x;20.0934x
1525x;-7.31066e-07x;1.04159x;20.0925x
1526x;-7.31066e-07x;1.04139x;20.0916x
1527x;-7.31066e-07x;1.04118x;20.0907x
1528x;-7.31066e-07x;1.04098x;20.0898x
1529x;-7.31066e-07x;1.04078x;20.089x
1530x;-7.31066e-07x;1.04058x;20.0881x
1531x;-7.31066e-07x;1.04038x;20.0873x
1532x;-7.31066e-07x;1.04018x;20.0864x
1533x;-7.31066e-07x;1.03998x;20.0856x
1534x;-7.31066e-07x;1.03978x;20.0848x
1535x;-7.31066e-07x;1.03958x;20.084x
1536x;-7.31066e-07x;1.03939x;20.0832x
1537x;-7.31066e-07x;1.03919x;20.0824x
1538x;-7.31066e-07x;1.039x;20.0816x
1539x;-7.31066e-07x;1.03881x;20.0808x
1540x;-7.31066e-07x;1.03862x;20.08x
1541x;-7.31066e-07x;1.03843x;20.0793x
1542x;-7.31066e-07x;1.03824x;20.0785x
1543x;-7.31066e-07x;1.03805x;20.0778x
1544x;-7.31066e-07x;1.03786x;20.077x
1545x;-7.31066e-07x;1.03767x;20.0763x
1546x;-7.31066e-07x;1.03749x;20.0755x
1547x;-7.31066e-07x;1.0373x;20.0748x
1548x;-7.31066e-07x;1.03712x;20.0741x
1549x;-7.31066e-07x;1.03693x;20.0734x
1550x;-7.31066e-07x;1.03675x;20.0727x
1551x;-7.31066e-07x;1.03657x;20.072x
1552x;-7.31066e-07x;1.03639x;20.0713x
1553x;-7.31066e-07x;1.03621x;20.0706x
1554x;-7.31066e-07x;1.03603x;20.0699x
1555x;-7.31066e-07x;1.03585x;20.0693x
1556x;-7.31066e-07x;1.03567x;20.0686x
1557x;-7.31066e-07x;1.0355x;20.0679x
1558x;-7.31066e-07x;1.03532x;20.0673x
1559x;-7.31066e-07x;1.03515x;20.0666x
1560x;-7.31066e-07x;1.03497x;20.066x
1561x;-7.31066e-07x;1.0348x;20.0654x
1562x;-7.31066e-07x;1.03463x;20.0647x
1563x;-7.31066e-07x;1.03446x;20.0641x
1564x;-7.31066e-07x;1.03429x;20.0635x
1565x;-7.31066e-07x;1.03412x;20.0629x
1566x;-7.31066e-07x;1.03395x;20.0623x
1567x;-7.31066e-07x;1.03378x;20.0617x
1568x;-7.31066e-07x;1.03361x;20.0611x
1569x;-7.31066e-07x;1.03345x;20.0605x
1570x;-7.31066e-07x;1.03328x;20.0599x
1571x;-7.31066e-07x;1.03312x;20.0593x
1572x;-7.31066e-07x;1.03295x;20.0588x
1573x;-7.31066e-07x;1.03279x;20.0582x
1574x;-7.31066e-07x;1.03263x;20.0576x
1575x;-7.31066e-07x;1.03247x;20.0571x
1576x;-7.31066e-07x;1.03231x;20.0565x
1577x;-7.31066e-07x;1.03215x;20.056x
1578x;-7.31066e-07x;1.03199x;20.0555x
1579x;-7.31066e-07x;1.03183x;20.0549x
1580x;-7.31066e-07x;1.03167x;20.0544x
1581x;-7.31066e-07x;1.03151x;20.0539x
1582x;-7.31066e-07x;1.03136x;20.0533x
1583x;-7.31066e-07x;1.0312x;20.0528x
1584x;-7.31066e-07x;1.03105x;20.0523x
1585x;-7.31066e-07x;1.03089x;20.0518x
1586x;-7.31066e-07x;1.03074x;20.0513x
1587x;-7.31066e-07x;1.03059x;20.0508x
1588x;-7.31066e-07x;1.03044x;20.0503x
1589x;-7.31066e-07x;1.03029x;20.0498x
1590x;-7.31066e-07x;1.03014x;20.0494x
1591x;-7.31066e-07x;1.02999x;20.0489x
1592x;-7.31066e-07x;1.02984x;20.0484x
1593x;-7.31066e-07x;1.02969x;20.0479x
1594x;-7.31066e-07x;1.02955x;20.0475x
1595x;-7.31066e-07x;1.0294x;20.047x
1596x;-7.31066e-07x;1.02925x;20.0466x
1597x;-7.31066e-07x;1.02911x;20.0461x
1598x;-7.31066e-07x;1.02896x;20.0457x
1599x;-7.31066e-07x;1.02882x;20.0452x
1600x;-7.31066e-07x;1.02868x;20.0448x
1601x;-7.31066e-07x;1.02854x;20.0444x
1602x;-7.31066e-07x;1.0284x;20.0439x
1603x;-7.31066e-07x;1.02825x;20.0435x
1604x;-7.31066e-07x;1.02811x;20.0431x
1605x;-7.31066e-07x;1.02798x;20.0427x
1606x;-7.31066e-07x;1.02784x;20.0423x
1607x;-7.31066e-07x;1.0277x;20.0418x
1608x;-7.31066e-07x;1.02756x;20.0414x
1609x;-7.31066e-07x;1.02743x;20.041x
1610x;-7.31066e-07x;1.02729x;20.0406x
1611x;-7.31066e-07x;1.02715x;20.0402x
1612x;-7.31066e-07x;1.02702x;20.0399x
1613x;-7.31066e-07x;1.02689x;20.0395x
1614x;-7.31066e-07x;1.02675x;20.0391x
1615x;-7.31066e-07x;1.02662x;20.0387x
1616x;-7.31066e-07x;1.02649x;20.0383x
1617x;-7.31066e-07x;1.02636x;20.038x
1618x;-7.31066e-07x;1.02623x;20.0376x
1619x;-7.31066e-07x;1.0261x;20.0372x
1620x;-7.31066e-07x;1.02597x;20.0369x
1621x;-7.31066e-07x;1.02584x;20.0365x
1622x;-7.31066e-07x;1.02571x;20.0362x
1623x;-7.31066e-07x;1.02558x;20.0358x
1624x;-7.31066e-07x;1.02546x;20.0355x
1625x;-7.31066e-07x;1.02533x;20.0351x
1626x;-7.31066e-07x;1.0252x;20.0348x
1627x;-7.31066e-07x;1.02508x;20.0344x
1628x;-7.31066e-07x;1.02496x;20.0341x
1629x;-7.31066e-07x;1.02483x;20.0338x
1630x;-7.31066e-07x;1.02471x;20.0334x
1631x;-7.31066e-07x;1.02459x;20.0331x
1632x;-7.31066e-07x;1.02446x;20.0328x
1633x;-7.31066e-07x;1.02434x;20.0325x
1634x;-7.31066e-07x;1.02422x;20.0322x
1635x;-7.31066e-07x;1.0241x;20.0318x
1636x;-7.31066e-07x;1.02398x;20.0315x
1637x;-7.31066e-07x;1.02386x;20.0312x
1638x;-7.31066e-07x;1.02375x;20.0309x
1639x;-7.31066e-07x;1.02363x;20.0306x
1640x;-7.31066e-07x;1.02351x;20.0303x
1641x;-7.31066e-07x;1.02339x;20.03x
1642x;-7.31066e-07x;1.02328x;20.0297x
1643x;-7.31066e-07x;1.02316x;20.0295x
1644x;-7.31066e-07x;1.02305x;20.0292x
1645x;-7.31066e-07x;1.02293x;20.0289x
1646x;-7.31066e-07x;1.02282x;20.0286x
1647x;-7.31066e-07x;1.02271x;20.0283x
1648x;-7.31066e-07x;1.02259x;20.028x
1649x;-7.31066e-07x;1.02248x;20.0278x
1650x;-7.31066e-07x;1.02237x;20.0275x
1651x;-7.31066e-07x;1.02226x;20.0272x
1652x;-7.31066e-07x;1.02215x;20.027x
1653x;-7.31066e-07x;1.02204x;20.0267x
1654x;-7.31066e-07x;1.02193x;20.0264x
1655x;-7.31066e-07x;1.02182x;20.0262x
1656x;-7.31066e-07x;1.02171x;20.0259x
1657x;-7.31066e-07x;1.02161x;20.0257x
1658x;-7.31066e-07x;1.0215x;20.0254x
1659x;-7.31066e-07x;1.02139x;20.0252x
1660x;-7.31066e-07x;1.02129x;20.0249x
1661x;-7.31066e-07x;1.02118x;20.0247x
1662x;-7.31066e-07x;1.02107x;20.0245x
1663x;-7.31066e-07x;1.02097x;20.0242x
1664x;-7.31066e-07x;1.02087x;20.024x
1665x;-7.31066e-07x;1.02076x;20.0237x
1666x;-7.31066e-07x;1.02066x;20.0235x
1667x;-7.31066e-07x;1.02056x;20.0233x
1668x;-7.31066e-07x;1.02045x;20.0231x
1669x;-7.31066e-07x;1.02035x;20.0228x
1670x;-7.31066e-07x;1.02025x;20.0226x
1671x;-7.31066e-07x;1.02015x;20.0224x
1672x;-7.31066e-07x;1.02005x;20.0222x
1673x;-7.31066e-07x;1.01995x;20.022x
1674x;-7.31066e-07x;1.01985x;20.0217x
1675x;-7.31066e-07x;1.01975x;20.0215x
1676x;-7.31066e-07x;1.01966x;20.0213x
1677x;-7.31066e-07x;1.01956x;20.0211x
1678x;-7.31066e-07x;1.01946x;20.0209x
1679x;-7.31066e-07x;1.01937x;20.0207x
1680x;-7.31066e-07x;1.01927x;20.0205x
1681x;-7.31066e-07x;1.01917x;20.0203x
1682x;-7.31066e-07x;1.01908x;20.0201x
1683x;-7.31066e-07x;1.01898x;20.0199x
1684x;-7.31066e-07x;1.01889x;20.0197x
1685x;-7.31066e-07x;1.0188x;20.0195x
1686x;-7.31066e-07x;1.0187x;20.0193x
1687x;-7.31066e-07x;1.01861x;20.0191x
1688x;-7.31066e-07x;1.01852x;20.019x
1689x;-7.31066e-07x;1.01843x;20.0188x
1690x;-7.31066e-07x;1.01833x;20.0186x
1691x;-7.31066e-07x;1.01824x;20.0184x
1692x;-7.31066e-07x;1.01815x;20.0182x
1693x;-7.31066e-07x;1.01806x;20.018x
1694x;-7.31066e-07x;1.01797x;20.0179x
1695x;-7.31066e-07x;1.01788x;20.0177x
1696x;-7.31066e-07x;1.01779x;20.0175x
1697x;-7.31066e-07x;1.01771x;20.0173x
1698x;-7.31066e-07x;1.01762x;20.0172x
1699x;-7.31066e-07x;1.01753x;20.017x
1700x;-7.31066e-07x;1.01744x;20.0168x
1701x;-7.31066e-07x;1.01736x;20.0167x
1702x;-7.31066e-07x;1.01727x;20.0165x
1703x;-7.31066e-07x;1.01719x;20.0164x
1704x;-7.31066e-07x;1.0171x;20.0162x
1705x;-7.31066e-07x;1.01702x;20.016x
1706x;-7.31066e-07x;1.01693x;20.0159x
1707x;-7.31066e-07x;1.01685x;20.0157x
1708x;-7.31066e-07x;1.01676x;20.0156x
1709x;-7.31066e-07x;1.01668x;20.0154x
1710x;-7.31066e-07x;1.0166x;20.0153x
1711x;-7.31066e-07x;1.01651x;20.0151x
1712x;-7.31066e-07x;1.01643x;20.015x
1713x;-7.31066e-07x;1.01635x;20.0148x
1714x;-7.31066e-07x;1.01627x;20.0147x
1715x;-7.31066e-07x;1.01619x;20.0145x
1716x;-7.31066e-07x;1.01611x;20.0144x
1717x;-7.31066e-07x;1.01603x;20.0143x
1718x;-7.31066e-07x;1.01595x;20.0141x
1719x;-7.31066e-07x;1.01587x;20.014x
1720x;-7.31066e-07x;1.01579x;20.0138x
1721x;-7.31066e-07x;1.01571x;20.0137x
1722x;-7.31066e-07x;1.01563x;20.0136x
1723x;-7.31066e-07x;1.01556x;20.0134x
1724x;-7.31066e-07x;1.01548x;20.0133x
1725x;-7.31066e-07x;1.0154x;20.0132x
1726x;-7.31066e-07x;1.01533x;20.013x
1727x;-7.31066e-07x;1.01525x;20.0129x
1728x;-7.31066e-07x;1.01517x;20.0128x
1729x;-7.31066e-07x;1.0151x;20.0127x
1730x;-7.31066e-07x;1.01502x;20.0125x
1731x;-7.31066e-07x;1.01495x;20.0124x
1732x;-7.31066e-07x;1.01487x;20.0123x
1733x;-7.31066e-07x;1.0148x;20.0122x
1734x;-7.31066e-07x;1.01473x;20.0121x
1735x;-7.31066e-07x;1.01465x;20.0119x
1736x;-7.31066e-07x;1.01458x;20.0118x
1737x;-7.31066e-07x;1.01451x;20.0117x
1738x;-7.31066e-07x;1.01444x;20.0116x
1739x;-7.31066e-07x;1.01436x;20.0115x
1740x;-7.31066e-07x;1.01429x;20.0114x
1741x;-7.31066e-07x;1.01422x;20.0113x
1742x;-7.31066e-07x;1.01415x;20.0111x
1743x;-7.31066e-07x;1.01408x;20.011x
1744x;-7.31066e-07x;1.01401x;20.0109x
1745x;-7.31066e-07x;1.01394x;20.0108x
1746x;-7.31066e-07x;1.01387x;20.0107x
1747x;-7.31066e-07x;1.0138x;20.0106x
1748x;-7.31066e-07x;1.01373x;20.0105x
1749x;-7.31066e-07x;1.01367x;20.0104x
1750x;-7.31066e-07x;1.0136x;20.0103x
1751x;-7.31066e-07x;1.01353x;20.0102x
1752x;-7.31066e-07x;1.01346x;20.0101x
1753x;-7.31066e-07x;1.0134x;20.01x
1754x;-7.31066e-07x;1.01333x;20.0099x
1755x;-7.31066e-07x;1.01326x;20.0098x
1756x;-7.31066e-07x;1.0132x;20.0097x
1757x;-7.31066e-07x;1.01313x;20.0096x
1758x;-7.31066e-07x;1.01307x;20.0095x
1759x;-7.31066e-07x;1.013x;20.0094x
1760x;-7.31066e-07x;1.01294x;20.0093x
1761x;-7.31066e-07x;1.01287x;20.0092x
1762x;-7.31066e-07x;1.01281x;20.0091x
1763x;-7.31066e-07x;1.01275x;20.0091x
1764x;-7.31066e-07x;1.01268x;20.009x
1765x;-7.31066e-07x;1.01262x;20.0089x
1766x;-7.31066e-07x;1.01256x;20.0088x
1767x;-7.31066e-07x;1.01249x;20.0087x
1768x;-7.31066e-07x;1.01243x;20.0086x
1769x;-7.31066e-07x;1.01237x;20.0085x
1770x;-7.31066e-07x;1.01231x;20.0085x
1771x;-7.31066e-07x;1.01225x;20.0084x
1772x;-7.31066e-07x;1.01219x;20.0083x
1773x;-7.31066e-07x;1.01213x;20.0082x
1774x;-7.31066e-07x;1.01207x;20.0081x
1775x;-7.31066e-07x;1.01201x;20.008x
1776x;-7.31066e-07x;1.01195x;20.008x
1777x;-7.31066e-07x;1.01189x;20.0079x
1778x;-7.31066e-07x;1.01183x;20.0078x
1779x;-7.31066e-07x;1.01177x;20.0077x
1780x;-7.31066e-07x;1.01171x;20.0077x
1781x;-7.31066e-07x;1.01165x;20.0076x
1782x;-7.31066e-07x;1.01159x;20.0075x
1783x;-7.31066e-07x;1.01154x;20.0074x
1784x;-7.31066e-07x;1.01148x;20.0074x
1785x;-7.31066e-07x;1.01142x;20.0073x
1786x;-7.31066e-07x;1.01137x;20.0072x
1787x;-7.31066e-07x;1.01131x;20.0071x
1788x;-7.31066e-07x;1.01125x;20.0071x
1789x;-7.31066e-07x;1.0112x;20.007x
1790x;-7.31066e-07x;1.01114x;20.0069x
1791x;-7.31066e-07x;1.01109x;20.0069x
1792x;-7.31066e-07x;1.01103x;20.0068x
1793x;-7.31066e-07x;1.01098x;20.0067x
1794x;-7.31066e-07x;1.01092x;20.0067x
1795x;-7.31066e-07x;1.01087x;20.0066x
1796x;-7.31066e-07x;1.01081x;20.0065x
1797x;-7.31066e-07x;1.01076x;20.0065x
1798x;-7.31066e-07x;1.01071x;20.0064x
1799x;-7.31066e-07x;1.01065x;20.0063x
1800x;-7.31066e-07x;1.0106x;20.0063x
1801x;-7.31066e-07x;1.01055x;20.0062x
1802x;-7.31066e-07x;1.01049x;20.0062x
1803x;-7.31066e-07x;1.01044x;20.0061x
1804x;-7.31066e-07x;1.01039x;20.006x
1805x;-7.31066e-07x;1.01034x;20.006x
1806x;-7.31066e-07x;1.01029x;20.0059x
1807x;-7.31066e-07x;1.01024x;20.0059x
1808x;-7.31066e-07x;1.01018x;20.0058x
1809x;-7.31066e-07x;1.01013x;20.0057x
1810x;-7.31066e-07x;1.01008x;20.0057x
1811x;-7.31066e-07x;1.01003x;20.0056x
1812x;-7.31066e-07x;1.00998x;20.0056x
1813x;-7.31066e-07x;1.00993x;20.0055x
1814x;-7.31066e-07x;1.00988x;20.0055x
1815x;-7.31066e-07x;1.00984x;20.0054x
1816x;-7.31066e-07x;1.00979x;20.0054x
1817x;-7.31066e-07x;1.00974x;20.0053x
1818x;-7.31066e-07x;1.00969x;20.0053x
1819x;-7.31066e-07x;1.00964x;20.0052x
1820x;-7.31066e-07x;1.00959x;20.0052x
1821x;-7.31066e-07x;1.00955x;20.0051x
1822x;-7.31066e-07x;1.0095x;20.0051x
1823x;-7.31066e-07x;1.00945x;20.005x
1824x;-7.31066e-07x;1.0094x;20.005x
1825x;-7.31066e-07x;1.00936x;20.0049x
1826x;-7.31066e-07x;1.00931x;20.0049x
1827x;-7.31066e-07x;1.00926x;20.0048x
1828x;-7.31066e-07x;1.00922x;20.0048x
1829x;-7.31066e-07x;1.00917x;20.0047x
1830x;-7.31066e-07x;1.00913x;20.0047x
1831x;-7.31066e-07x;1.00908x;20.0046x
1832x;-7.31066e-07x;1.00904x;20.0046x
1833x;-7.31066e-07x;1.00899x;20.0045x
1834x;-7.31066e-07x;1.00895x;20.0045x
1835x;-7.31066e-07x;1.0089x;20.0044x
1836x;-7.31066e-07x;1.00886x;20.0044x
1837x;-7.31066e-07x;1.00881x;20.0044x
1838x;-7.31066e-07x;1.00877x;20.0043x
1839x;-7.31066e-07x;1.00873x;20.0043x
1840x;-7.31066e-07x;1.00868x;20.0042x
1841x;-7.31066e-07x;1.00864x;20.0042x
1842x;-7.31066e-07x;1.0086x;20.0041x
1843x;-7.31066e-07x;1.00855x;20.0041x
1844x;-7.31066e-07x;1.00851x;20.0041x
1845x;-7.31066e-07x;1.00847x;20.004x
1846x;-7.31066e-07x;1.00843x;20.004x
1847x;-7.31066e-07x;1.00838x;20.0039x
1848x;-7.31066e-07x;1.00834x;20.0039x
1849x;-7.31066e-07x;1.0083x;20.0039x
1850x;-7.31066e-07x;1.00826x;20.0038x
1851x;-7.31066e-07x;1.00822x;20.0038x
1852x;-7.31066e-07x;1.00818x;20.0038x
1853x;-7.31066e-07x;1.00814x;20.0037x
1854x;-7.31066e-07x;1.0081x;20.0037x
1855x;-7.31066e-07x;1.00806x;20.0036x
1856x;-7.31066e-07x;1.00802x;20.0036x
1857x;-7.31066e-07x;1.00798x;20.0036x
1858x;-7.31066e-07x;1.00794x;20.0035x
1859x;-7.31066e-07x;1.0079x;20.0035x
1860x;-7.31066e-07x;1.00786x;20.0035x
1861x;-7.31066e-07x;1.00782x;20.0034x
1862x;-7.31066e-07x;1.00778x;20.0034x
1863x;-7.31066e-07x;1.00774x;20.0034x
1864x;-7.31066e-07x;1.0077x;20.0033x
1865x;-7.31066e-07x;1.00766x;20.0033x
1866x;-7.31066e-07x;1.00763x;20.0033x
1867x;-7.31066e-07x;1.00759x;20.0032x
1868x;-7.31066e-07x;1.00755x;20.0032x
1869x;-7.31066e-07x;1.00751x;20.0032x
1870x;-7.31066e-07x;1.00748x;20.0031x
1871x;-7.31066e-07x;1.00744x;20.0031x
1872x;-7.31066e-07x;1.0074x;20.0031x
1873x;-7.31066e-07x;1.00736x;20.003x
1874x;-7.31066e-07x;1.00733x;20.003x
1875x;-7.31066e-07x;1.00729x;20.003x
1876x;-7.31066e-07x;1.00726x;20.003x
1877x;-7.31066e-07x;1.00722x;20.0029x
1878x;-7.31066e-07x;1.00718x;20.0029x
1879x;-7.31066e-07x;1.00715x;20.0029x
1880x;-7.31066e-07x;1.00711x;20.0028x
1881x;-7.31066e-07x;1.00708x;20.0028x
1882x;-7.31066e-07x;1.00704x;20.0028x
1883x;-7.31066e-07x;1.00701x;20.0028x
1884x;-7.31066e-07x;1.00697x;20.0027x
1885x;-7.31066e-07x;1.00694x;20.0027x
1886x;-7.31066e-07x;1.0069x;20.0027x
1887x;-7.31066e-07x;1.00687x;20.0027x
1888x;-7.31066e-07x;1.00683x;20.0026x
1889x;-7.31066e-07x;1.0068x;20.0026x
1890x;-7.31066e-07x;1.00677x;20.0026x
1891x;-7.31066e-07x;1.00673x;20.0025x
1892x;-7.31066e-07x;1.0067x;20.0025x
1893x;-7.31066e-07x;1.00667x;20.0025x
1894x;-7.31066e-07x;1.00663x;20.0025x
1895x;-7.31066e-07x;1.0066x;20.0024x
1896x;-7.31066e-07x;1.00657x;20.0024x
1897x;-7.31066e-07x;1.00653x;20.0024x
1898x;-7.31066e-07x;1.0065x;20.0024x
1899x;-7.31066e-07x;1.00647x;20.0024x
1900x;-7.31066e-07x;1.00644x;20.0023x
1901x;-7.31066e-07x;1.0064x;20.0023x
1902x;-7.31066e-07x;1.00637x;20.0023x
1903x;-7.31066e-07x;1.00634x;20.0023x
1904x;-7.31066e-07x;1.00631x;20.0022x
1905x;-7.31066e-07x;1.00628x;20.0022x
1906x;-7.31066e-07x;1.00625x;20.0022x
1907x;-7.31066e-07x;1.00622x;20.0022x
1908x;-7.31066e-07x;1.00618x;20.0022x
1909x;-7.31066e-07x;1.00615x;20.0021x
1910x;-7.31066e-07x;1.00612x;20.0021x
1911x;-7.31066e-07x;1.00609x;20.0021x
1912x;-7.31066e-07x;1.00606x;20.0021x
1913x;-7.31066e-07x;1.00603x;20.002x
1914x;-7.31066e-07x;1.006x;20.002x
1915x;-7.31066e-07x;1.00597x;20.002x
1916x;-7.31066e-07x;1.00594x;20.002x
1917x;-7.31066e-07x;1.00591x;20.002x
1918x;-7.31066e-07x;1.00588x;20.0019x
1919x;-7.31066e-07x;1.00585x;20.0019x
1920x;-7.31066e-07x;1.00582x;20.0019x
1921x;-7.31066e-07x;1.0058x;20.0019x
1922x;-7.31066e-07x;1.00577x;20.0019x
1923x;-7.31066e-07x;1.00574x;20.0019x
1924x;-7.31066e-07x;1.00571x;20.0018x
1925x;-7.31066e-07x;1.00568x;20.0018x
1926x;-7.31066e-07x;1.00565x;20.0018x
1927x;-7.31066e-07x;1.00562x;20.0018x
1928x;-7.31066e-07x;1.0056x;20.0018x
1929x;-7.31066e-07x;1.00557x;20.0017x
1930x;-7.31066e-07x;1.00554x;20.0017x
1931x;-7.31066e-07x;1.00551x;20.0017x
1932x;-7.31066e-07x;1.00549x;20.0017x
1933x;-7.31066e-07x;1.00546x;20.0017x
1934x;-7.31066e-07x;1.00543x;20.0017x
1935x;-7.31066e-07x;1.0054x;20.0016x
1936x;-7.31066e-07x;1.00538x;20.0016x
1937x;-7.31066e-07x;1.00535x;20.0016x
1938x;-7.31066e-07x;1.00532x;20.0016x
1939x;-7.31066e-07x;1.0053x;20.0016x
1940x;-7.31066e-07x;1.00527x;20.0016x
1941x;-7.31066e-07x;1.00525x;20.0015x
1942x;-7.31066e-07x;1.00522x;20.0015x
1943x;-7.31066e-07x;1.00519x;20.0015x
1944x;-7.31066e-07x;1.00517x;20.0015x
1945x;-7.31066e-07x;1.00514x;20.0015x
1946x;-7.31066e-07x;1.00512x;20.0015x
1947x;-7.31066e-07x;1.00509x;20.0015x
1948x;-7.31066e-07x;1.00507x;20.0014x
1949x;-7.31066e-07x;1.00504x;20.0014x
1950x;-7.31066e-07x;1.00501x;20.0014x
1951x;-7.31066e-07x;1.00499x;20.0014x
1952x;-7.31066e-07x;1.00497x;20.0014x
1953x;-7.31066e-07x;1.00494x;20.0014x
1954x;-7.31066e-07x;1.00492x;20.0014x
1955x;-7.31066e-07x;1.00489x;20.0013x
1956x;-7.31066e-07x;1.00487x;20.0013x
1957x;-7.31066e-07x;1.00484x;20.0013x
1958x;-7.31066e-07x;1.00482x;20.0013x
1959x;-7.31066e-07x;1.00479x;20.0013x
1960x;-7.31066e-07x;1.00477x;20.0013x
1961x;-7.31066e-07x;1.00475x;20.0013x
1962x;-7.31066e-07x;1.00472x;20.0013x
1963x;-7.31066e-07x;1.0047x;20.0012x
1964x;-7.31066e-07x;1.00468x;20.0012x
1965x;-7.31066e-07x;1.00465x;20.0012x
1966x;-7.31066e-07x;1.00463x;20.0012x
1967x;-7.31066e-07x;1.00461x;20.0012x
1968x;-7.31066e-07x;1.00458x;20.0012x
1969x;-7.31066e-07x;1.00456x;20.0012x
1970x;-7.31066e-07x;1.00454x;20.0012x
1971x;-7.31066e-07x;1.00452x;20.0011x
1972x;-7.31066e-07x;1.00449x;20.0011x
1973x;-7.31066e-07x;1.00447x;20.0011x
1974x;-7.31066e-07x;1.00445x;20.0011x
1975x;-7.31066e-07x;1.00443x;20.0011x
1976x;-7.31066e-07x;1.0044x;20.0011x
1977x;-7.31066e-07x;1.00438x;20.0011x
1978x;-7.31066e-07x;1.00436x;20.0011x
1979x;-7.31066e-07x;1.00434x;20.0011x
1980x;-7.31066e-07x;1.00432x;20.0011x
1981x;-7.31066e-07x;1.0043x;20.001x
1982x;-7.31066e-07x;1.00427x;20.001x
1983x;-7.31066e-07x;1.00425x;20.001x
1984x;-7.31066e-07x;1.00423x;20.001x
1985x;-7.31066e-07x;1.00421x;20.001x
1986x;-7.31066e-07x;1.00419x;20.001x
1987x;-7.31066e-07x;1.00417x;20.001x
1988x;-7.31066e-07x;1.00415x;20.001x
1989x;-7.31066e-07x;1.00413x;20.001x
1990x;-7.31066e-07x;1.00411x;20.001x
1991x;-7.31066e-07x;1.00409x;20.0009x
1992x;-7.31066e-07x;1.00407x;20.0009x
1993x;-7.31066e-07x;1.00405x;20.0009x
1994x;-7.31066e-07x;1.00403x;20.0009x
1995x;-7.31066e-07x;1.00401x;20.0009x
1996x;-7.31066e-07x;1.00399x;20.0009x
1997x;-7.31066e-07x;1.00397x;20.0009x
1998x;-7.31066e-07x;1.00395x;20.0009x
1999x;-7.31066e-07x;1.00393x;20.0009x
2000x;-7.31066e-07x;1.00391x;20.0009x
